episode,step,r,c,has_key,energy,action,E
29900,1,0,1,0,100,2,0.855
29900,2,0,1,0,100,2,0.731025
29900,2,0,0,0,99,1,0.855
29900,3,0,1,0,100,2,0.625026
29900,3,0,0,0,99,1,0.731025
29900,3,1,0,0,98,1,0.855
29900,4,0,1,0,100,2,0.534398
29900,4,0,0,0,99,1,0.625026
29900,4,1,0,0,98,1,0.731025
29900,4,1,0,0,97,1,0.855
29900,5,0,1,0,100,2,0.45691
29900,5,0,0,0,99,1,0.534398
29900,5,1,0,0,98,1,0.625026
29900,5,1,0,0,97,1,0.731025
29900,5,2,0,0,96,1,0.855
29900,6,0,1,0,100,2,0.390658
29900,6,0,0,0,99,1,0.45691
29900,6,1,0,0,98,1,0.534398
29900,6,1,0,0,97,1,0.625026
29900,6,2,0,0,96,1,0.731025
29900,6,2,1,0,95,2,0.855
29900,7,0,1,0,100,2,0.334013
29900,7,0,0,0,99,1,0.390658
29900,7,1,0,0,98,1,0.45691
29900,7,1,0,0,97,1,0.534398
29900,7,2,0,0,96,1,0.625026
29900,7,2,1,0,95,2,0.731025
29900,7,2,0,0,94,1,0.855
29900,8,0,1,0,100,2,0.285581
29900,8,0,0,0,99,1,0.334013
29900,8,1,0,0,98,1,0.390658
29900,8,1,0,0,97,1,0.45691
29900,8,2,0,0,96,1,0.534398
29900,8,2,1,0,95,2,0.625026
29900,8,2,0,0,94,1,0.731025
29900,8,3,0,0,93,1,0.855
29900,9,0,1,0,100,2,0.244172
29900,9,0,0,0,99,1,0.285581
29900,9,1,0,0,98,1,0.334013
29900,9,1,0,0,97,1,0.390658
29900,9,2,0,0,96,1,0.45691
29900,9,2,1,0,95,2,0.534398
29900,9,2,0,0,94,1,0.625026
29900,9,3,0,0,93,1,0.731025
29900,9,4,0,0,92,3,0.855
29900,10,0,1,0,100,2,0.208767
29900,10,0,0,0,99,1,0.244172
29900,10,1,0,0,98,1,0.285581
29900,10,1,0,0,97,1,0.334013
29900,10,2,0,0,96,1,0.390658
29900,10,2,1,0,95,2,0.45691
29900,10,2,0,0,94,1,0.534398
29900,10,3,0,0,93,1,0.625026
29900,10,4,0,0,92,3,0.731025
29900,10,4,1,0,91,1,0.855
29900,11,0,1,0,100,2,0.178495
29900,11,0,0,0,99,1,0.208767
29900,11,1,0,0,98,1,0.244172
29900,11,1,0,0,97,1,0.285581
29900,11,2,0,0,96,1,0.334013
29900,11,2,1,0,95,2,0.390658
29900,11,2,0,0,94,1,0.45691
29900,11,3,0,0,93,1,0.534398
29900,11,4,0,0,92,3,0.625026
29900,11,4,1,0,91,1,0.731025
29900,11,5,1,0,90,3,0.855
29900,12,0,1,0,100,2,0.152614
29900,12,0,0,0,99,1,0.178495
29900,12,1,0,0,98,1,0.208767
29900,12,1,0,0,97,1,0.244172
29900,12,2,0,0,96,1,0.285581
29900,12,2,1,0,95,2,0.334013
29900,12,2,0,0,94,1,0.390658
29900,12,3,0,0,93,1,0.45691
29900,12,4,0,0,92,3,0.534398
29900,12,4,1,0,91,1,0.625026
29900,12,5,1,0,90,3,0.731025
29900,12,4,1,0,89,1,0.855
29900,13,0,1,0,100,2,0.130485
29900,13,0,0,0,99,1,0.152614
29900,13,1,0,0,98,1,0.178495
29900,13,1,0,0,97,1,0.208767
29900,13,2,0,0,96,1,0.244172
29900,13,2,1,0,95,2,0.285581
29900,13,2,0,0,94,1,0.334013
29900,13,3,0,0,93,1,0.390658
29900,13,4,0,0,92,3,0.45691
29900,13,4,1,0,91,1,0.534398
29900,13,5,1,0,90,3,0.625026
29900,13,4,1,0,89,1,0.731025
29900,13,4,2,0,88,2,0.855
29900,14,0,1,0,100,2,0.111564
29900,14,0,0,0,99,1,0.130485
29900,14,1,0,0,98,1,0.152614
29900,14,1,0,0,97,1,0.178495
29900,14,2,0,0,96,1,0.208767
29900,14,2,1,0,95,2,0.244172
29900,14,2,0,0,94,1,0.285581
29900,14,3,0,0,93,1,0.334013
29900,14,4,0,0,92,3,0.390658
29900,14,4,1,0,91,1,0.45691
29900,14,5,1,0,90,3,0.534398
29900,14,4,1,0,89,1,0.625026
29900,14,4,2,0,88,2,0.731025
29900,14,4,1,0,87,1,0.855
29900,15,0,1,0,100,2,0.095388
29900,15,0,0,0,99,1,0.111564
29900,15,1,0,0,98,1,0.130485
29900,15,1,0,0,97,1,0.152614
29900,15,2,0,0,96,1,0.178495
29900,15,2,1,0,95,2,0.208767
29900,15,2,0,0,94,1,0.244172
29900,15,3,0,0,93,1,0.285581
29900,15,4,0,0,92,3,0.334013
29900,15,4,1,0,91,1,0.390658
29900,15,5,1,0,90,3,0.45691
29900,15,4,1,0,89,1,0.534398
29900,15,4,2,0,88,2,0.625026
29900,15,4,1,0,87,1,0.731025
29900,15,5,1,0,86,1,0.855
29900,16,0,1,0,100,2,0.081556
29900,16,0,0,0,99,1,0.095388
29900,16,1,0,0,98,1,0.111564
29900,16,1,0,0,97,1,0.130485
29900,16,2,0,0,96,1,0.152614
29900,16,2,1,0,95,2,0.178495
29900,16,2,0,0,94,1,0.208767
29900,16,3,0,0,93,1,0.244172
29900,16,4,0,0,92,3,0.285581
29900,16,4,1,0,91,1,0.334013
29900,16,5,1,0,90,3,0.390658
29900,16,4,1,0,89,1,0.45691
29900,16,4,2,0,88,2,0.534398
29900,16,4,1,0,87,1,0.625026
29900,16,5,1,0,86,1,0.731025
29900,16,6,1,0,85,0,0.855
29900,17,0,1,0,100,2,0.069731
29900,17,0,0,0,99,1,0.081556
29900,17,1,0,0,98,1,0.095388
29900,17,1,0,0,97,1,0.111564
29900,17,2,0,0,96,1,0.130485
29900,17,2,1,0,95,2,0.152614
29900,17,2,0,0,94,1,0.178495
29900,17,3,0,0,93,1,0.208767
29900,17,4,0,0,92,3,0.244172
29900,17,4,1,0,91,1,0.285581
29900,17,5,1,0,90,3,0.334013
29900,17,4,1,0,89,1,0.390658
29900,17,4,2,0,88,2,0.45691
29900,17,4,1,0,87,1,0.534398
29900,17,5,1,0,86,1,0.625026
29900,17,6,1,0,85,0,0.731025
29900,17,6,0,0,84,0,0.855
29900,18,0,1,0,100,2,0.05962
29900,18,0,0,0,99,1,0.069731
29900,18,1,0,0,98,1,0.081556
29900,18,1,0,0,97,1,0.095388
29900,18,2,0,0,96,1,0.111564
29900,18,2,1,0,95,2,0.130485
29900,18,2,0,0,94,1,0.152614
29900,18,3,0,0,93,1,0.178495
29900,18,4,0,0,92,3,0.208767
29900,18,4,1,0,91,1,0.244172
29900,18,5,1,0,90,3,0.285581
29900,18,4,1,0,89,1,0.334013
29900,18,4,2,0,88,2,0.390658
29900,18,4,1,0,87,1,0.45691
29900,18,5,1,0,86,1,0.534398
29900,18,6,1,0,85,0,0.625026
29900,18,6,0,0,84,0,0.731025
29900,18,5,0,0,83,3,0.855
29900,19,0,1,0,100,2,0.050975
29900,19,0,0,0,99,1,0.05962
29900,19,1,0,0,98,1,0.069731
29900,19,1,0,0,97,1,0.081556
29900,19,2,0,0,96,1,0.095388
29900,19,2,1,0,95,2,0.111564
29900,19,2,0,0,94,1,0.130485
29900,19,3,0,0,93,1,0.152614
29900,19,4,0,0,92,3,0.178495
29900,19,4,1,0,91,1,0.208767
29900,19,5,1,0,90,3,0.244172
29900,19,4,1,0,89,1,0.285581
29900,19,4,2,0,88,2,0.334013
29900,19,4,1,0,87,1,0.390658
29900,19,5,1,0,86,1,0.45691
29900,19,6,1,0,85,0,0.534398
29900,19,6,0,0,84,0,0.625026
29900,19,5,0,0,83,3,0.731025
29900,19,5,1,0,82,3,0.855
29900,20,0,1,0,100,2,0.043584
29900,20,0,0,0,99,1,0.050975
29900,20,1,0,0,98,1,0.05962
29900,20,1,0,0,97,1,0.069731
29900,20,2,0,0,96,1,0.081556
29900,20,2,1,0,95,2,0.095388
29900,20,2,0,0,94,1,0.111564
29900,20,3,0,0,93,1,0.130485
29900,20,4,0,0,92,3,0.152614
29900,20,4,1,0,91,1,0.178495
29900,20,5,1,0,90,3,0.208767
29900,20,4,1,0,89,1,0.244172
29900,20,4,2,0,88,2,0.285581
29900,20,4,1,0,87,1,0.334013
29900,20,5,1,0,86,1,0.390658
29900,20,6,1,0,85,0,0.45691
29900,20,6,0,0,84,0,0.534398
29900,20,5,0,0,83,3,0.625026
29900,20,5,1,0,82,3,0.731025
29900,20,5,2,0,81,3,0.855
29900,21,0,1,0,100,2,0.037264
29900,21,0,0,0,99,1,0.043584
29900,21,1,0,0,98,1,0.050975
29900,21,1,0,0,97,1,0.05962
29900,21,2,0,0,96,1,0.069731
29900,21,2,1,0,95,2,0.081556
29900,21,2,0,0,94,1,0.095388
29900,21,3,0,0,93,1,0.111564
29900,21,4,0,0,92,3,0.130485
29900,21,4,1,0,91,1,0.152614
29900,21,5,1,0,90,3,0.178495
29900,21,4,1,0,89,1,0.208767
29900,21,4,2,0,88,2,0.244172
29900,21,4,1,0,87,1,0.285581
29900,21,5,1,0,86,1,0.334013
29900,21,6,1,0,85,0,0.390658
29900,21,6,0,0,84,0,0.45691
29900,21,5,0,0,83,3,0.534398
29900,21,5,1,0,82,3,0.625026
29900,21,5,2,0,81,3,0.731025
29900,21,5,3,0,80,1,0.855
29900,22,0,1,0,100,2,0.031861
29900,22,0,0,0,99,1,0.037264
29900,22,1,0,0,98,1,0.043584
29900,22,1,0,0,97,1,0.050975
29900,22,2,0,0,96,1,0.05962
29900,22,2,1,0,95,2,0.069731
29900,22,2,0,0,94,1,0.081556
29900,22,3,0,0,93,1,0.095388
29900,22,4,0,0,92,3,0.111564
29900,22,4,1,0,91,1,0.130485
29900,22,5,1,0,90,3,0.152614
29900,22,4,1,0,89,1,0.178495
29900,22,4,2,0,88,2,0.208767
29900,22,4,1,0,87,1,0.244172
29900,22,5,1,0,86,1,0.285581
29900,22,6,1,0,85,0,0.334013
29900,22,6,0,0,84,0,0.390658
29900,22,5,0,0,83,3,0.45691
29900,22,5,1,0,82,3,0.534398
29900,22,5,2,0,81,3,0.625026
29900,22,5,3,0,80,1,0.731025
29900,22,5,3,0,79,1,0.855
29900,23,0,1,0,100,2,0.027241
29900,23,0,0,0,99,1,0.031861
29900,23,1,0,0,98,1,0.037264
29900,23,1,0,0,97,1,0.043584
29900,23,2,0,0,96,1,0.050975
29900,23,2,1,0,95,2,0.05962
29900,23,2,0,0,94,1,0.069731
29900,23,3,0,0,93,1,0.081556
29900,23,4,0,0,92,3,0.095388
29900,23,4,1,0,91,1,0.111564
29900,23,5,1,0,90,3,0.130485
29900,23,4,1,0,89,1,0.152614
29900,23,4,2,0,88,2,0.178495
29900,23,4,1,0,87,1,0.208767
29900,23,5,1,0,86,1,0.244172
29900,23,6,1,0,85,0,0.285581
29900,23,6,0,0,84,0,0.334013
29900,23,5,0,0,83,3,0.390658
29900,23,5,1,0,82,3,0.45691
29900,23,5,2,0,81,3,0.534398
29900,23,5,3,0,80,1,0.625026
29900,23,5,3,0,79,1,0.731025
29900,23,6,3,0,78,1,0.855
29900,24,0,1,0,100,2,0.023291
29900,24,0,0,0,99,1,0.027241
29900,24,1,0,0,98,1,0.031861
29900,24,1,0,0,97,1,0.037264
29900,24,2,0,0,96,1,0.043584
29900,24,2,1,0,95,2,0.050975
29900,24,2,0,0,94,1,0.05962
29900,24,3,0,0,93,1,0.069731
29900,24,4,0,0,92,3,0.081556
29900,24,4,1,0,91,1,0.095388
29900,24,5,1,0,90,3,0.111564
29900,24,4,1,0,89,1,0.130485
29900,24,4,2,0,88,2,0.152614
29900,24,4,1,0,87,1,0.178495
29900,24,5,1,0,86,1,0.208767
29900,24,6,1,0,85,0,0.244172
29900,24,6,0,0,84,0,0.285581
29900,24,5,0,0,83,3,0.334013
29900,24,5,1,0,82,3,0.390658
29900,24,5,2,0,81,3,0.45691
29900,24,5,3,0,80,1,0.534398
29900,24,5,3,0,79,1,0.625026
29900,24,6,3,0,78,1,0.731025
29900,24,7,3,0,77,1,0.855
29900,25,0,1,0,100,2,0.019914
29900,25,0,0,0,99,1,0.023291
29900,25,1,0,0,98,1,0.027241
29900,25,1,0,0,97,1,0.031861
29900,25,2,0,0,96,1,0.037264
29900,25,2,1,0,95,2,0.043584
29900,25,2,0,0,94,1,0.050975
29900,25,3,0,0,93,1,0.05962
29900,25,4,0,0,92,3,0.069731
29900,25,4,1,0,91,1,0.081556
29900,25,5,1,0,90,3,0.095388
29900,25,4,1,0,89,1,0.111564
29900,25,4,2,0,88,2,0.130485
29900,25,4,1,0,87,1,0.152614
29900,25,5,1,0,86,1,0.178495
29900,25,6,1,0,85,0,0.208767
29900,25,6,0,0,84,0,0.244172
29900,25,5,0,0,83,3,0.285581
29900,25,5,1,0,82,3,0.334013
29900,25,5,2,0,81,3,0.390658
29900,25,5,3,0,80,1,0.45691
29900,25,5,3,0,79,1,0.534398
29900,25,6,3,0,78,1,0.625026
29900,25,7,3,0,77,1,0.731025
29900,25,8,3,0,76,3,0.855
29900,26,0,1,0,100,2,0.017026
29900,26,0,0,0,99,1,0.019914
29900,26,1,0,0,98,1,0.023291
29900,26,1,0,0,97,1,0.027241
29900,26,2,0,0,96,1,0.031861
29900,26,2,1,0,95,2,0.037264
29900,26,2,0,0,94,1,0.043584
29900,26,3,0,0,93,1,0.050975
29900,26,4,0,0,92,3,0.05962
29900,26,4,1,0,91,1,0.069731
29900,26,5,1,0,90,3,0.081556
29900,26,4,1,0,89,1,0.095388
29900,26,4,2,0,88,2,0.111564
29900,26,4,1,0,87,1,0.130485
29900,26,5,1,0,86,1,0.152614
29900,26,6,1,0,85,0,0.178495
29900,26,6,0,0,84,0,0.208767
29900,26,5,0,0,83,3,0.244172
29900,26,5,1,0,82,3,0.285581
29900,26,5,2,0,81,3,0.334013
29900,26,5,3,0,80,1,0.390658
29900,26,5,3,0,79,1,0.45691
29900,26,6,3,0,78,1,0.534398
29900,26,7,3,0,77,1,0.625026
29900,26,8,3,0,76,3,0.731025
29900,26,8,4,0,75,0,0.855
29900,27,0,1,0,100,2,0.014557
29900,27,0,0,0,99,1,0.017026
29900,27,1,0,0,98,1,0.019914
29900,27,1,0,0,97,1,0.023291
29900,27,2,0,0,96,1,0.027241
29900,27,2,1,0,95,2,0.031861
29900,27,2,0,0,94,1,0.037264
29900,27,3,0,0,93,1,0.043584
29900,27,4,0,0,92,3,0.050975
29900,27,4,1,0,91,1,0.05962
29900,27,5,1,0,90,3,0.069731
29900,27,4,1,0,89,1,0.081556
29900,27,4,2,0,88,2,0.095388
29900,27,4,1,0,87,1,0.111564
29900,27,5,1,0,86,1,0.130485
29900,27,6,1,0,85,0,0.152614
29900,27,6,0,0,84,0,0.178495
29900,27,5,0,0,83,3,0.208767
29900,27,5,1,0,82,3,0.244172
29900,27,5,2,0,81,3,0.285581
29900,27,5,3,0,80,1,0.334013
29900,27,5,3,0,79,1,0.390658
29900,27,6,3,0,78,1,0.45691
29900,27,7,3,0,77,1,0.534398
29900,27,8,3,0,76,3,0.625026
29900,27,8,4,0,75,0,0.731025
29900,27,7,4,0,74,1,0.855
29900,28,0,1,0,100,2,0.012447
29900,28,0,0,0,99,1,0.014557
29900,28,1,0,0,98,1,0.017026
29900,28,1,0,0,97,1,0.019914
29900,28,2,0,0,96,1,0.023291
29900,28,2,1,0,95,2,0.027241
29900,28,2,0,0,94,1,0.031861
29900,28,3,0,0,93,1,0.037264
29900,28,4,0,0,92,3,0.043584
29900,28,4,1,0,91,1,0.050975
29900,28,5,1,0,90,3,0.05962
29900,28,4,1,0,89,1,0.069731
29900,28,4,2,0,88,2,0.081556
29900,28,4,1,0,87,1,0.095388
29900,28,5,1,0,86,1,0.111564
29900,28,6,1,0,85,0,0.130485
29900,28,6,0,0,84,0,0.152614
29900,28,5,0,0,83,3,0.178495
29900,28,5,1,0,82,3,0.208767
29900,28,5,2,0,81,3,0.244172
29900,28,5,3,0,80,1,0.285581
29900,28,5,3,0,79,1,0.334013
29900,28,6,3,0,78,1,0.390658
29900,28,7,3,0,77,1,0.45691
29900,28,8,3,0,76,3,0.534398
29900,28,8,4,0,75,0,0.625026
29900,28,7,4,0,74,1,0.731025
29900,28,8,4,0,73,1,0.855
29900,29,0,1,0,100,2,0.010642
29900,29,0,0,0,99,1,0.012447
29900,29,1,0,0,98,1,0.014557
29900,29,1,0,0,97,1,0.017026
29900,29,2,0,0,96,1,0.019914
29900,29,2,1,0,95,2,0.023291
29900,29,2,0,0,94,1,0.027241
29900,29,3,0,0,93,1,0.031861
29900,29,4,0,0,92,3,0.037264
29900,29,4,1,0,91,1,0.043584
29900,29,5,1,0,90,3,0.050975
29900,29,4,1,0,89,1,0.05962
29900,29,4,2,0,88,2,0.069731
29900,29,4,1,0,87,1,0.081556
29900,29,5,1,0,86,1,0.095388
29900,29,6,1,0,85,0,0.111564
29900,29,6,0,0,84,0,0.130485
29900,29,5,0,0,83,3,0.152614
29900,29,5,1,0,82,3,0.178495
29900,29,5,2,0,81,3,0.208767
29900,29,5,3,0,80,1,0.244172
29900,29,5,3,0,79,1,0.285581
29900,29,6,3,0,78,1,0.334013
29900,29,7,3,0,77,1,0.390658
29900,29,8,3,0,76,3,0.45691
29900,29,8,4,0,75,0,0.534398
29900,29,7,4,0,74,1,0.625026
29900,29,8,4,0,73,1,0.731025
29900,29,9,4,0,72,1,0.855
29900,30,0,1,0,100,2,0.009099
29900,30,0,0,0,99,1,0.010642
29900,30,1,0,0,98,1,0.012447
29900,30,1,0,0,97,1,0.014557
29900,30,2,0,0,96,1,0.017026
29900,30,2,1,0,95,2,0.019914
29900,30,2,0,0,94,1,0.023291
29900,30,3,0,0,93,1,0.027241
29900,30,4,0,0,92,3,0.031861
29900,30,4,1,0,91,1,0.037264
29900,30,5,1,0,90,3,0.043584
29900,30,4,1,0,89,1,0.050975
29900,30,4,2,0,88,2,0.05962
29900,30,4,1,0,87,1,0.069731
29900,30,5,1,0,86,1,0.081556
29900,30,6,1,0,85,0,0.095388
29900,30,6,0,0,84,0,0.111564
29900,30,5,0,0,83,3,0.130485
29900,30,5,1,0,82,3,0.152614
29900,30,5,2,0,81,3,0.178495
29900,30,5,3,0,80,1,0.208767
29900,30,5,3,0,79,1,0.244172
29900,30,6,3,0,78,1,0.285581
29900,30,7,3,0,77,1,0.334013
29900,30,8,3,0,76,3,0.390658
29900,30,8,4,0,75,0,0.45691
29900,30,7,4,0,74,1,0.534398
29900,30,8,4,0,73,1,0.625026
29900,30,9,4,0,72,1,0.731025
29900,30,10,4,0,71,3,0.855
29900,31,0,1,0,100,2,0.007779
29900,31,0,0,0,99,1,0.009099
29900,31,1,0,0,98,1,0.010642
29900,31,1,0,0,97,1,0.012447
29900,31,2,0,0,96,1,0.014557
29900,31,2,1,0,95,2,0.017026
29900,31,2,0,0,94,1,0.019914
29900,31,3,0,0,93,1,0.023291
29900,31,4,0,0,92,3,0.027241
29900,31,4,1,0,91,1,0.031861
29900,31,5,1,0,90,3,0.037264
29900,31,4,1,0,89,1,0.043584
29900,31,4,2,0,88,2,0.050975
29900,31,4,1,0,87,1,0.05962
29900,31,5,1,0,86,1,0.069731
29900,31,6,1,0,85,0,0.081556
29900,31,6,0,0,84,0,0.095388
29900,31,5,0,0,83,3,0.111564
29900,31,5,1,0,82,3,0.130485
29900,31,5,2,0,81,3,0.152614
29900,31,5,3,0,80,1,0.178495
29900,31,5,3,0,79,1,0.208767
29900,31,6,3,0,78,1,0.244172
29900,31,7,3,0,77,1,0.285581
29900,31,8,3,0,76,3,0.334013
29900,31,8,4,0,75,0,0.390658
29900,31,7,4,0,74,1,0.45691
29900,31,8,4,0,73,1,0.534398
29900,31,9,4,0,72,1,0.625026
29900,31,10,4,0,71,3,0.731025
29900,31,11,4,0,70,0,0.855
29900,32,0,1,0,100,2,0.006651
29900,32,0,0,0,99,1,0.007779
29900,32,1,0,0,98,1,0.009099
29900,32,1,0,0,97,1,0.010642
29900,32,2,0,0,96,1,0.012447
29900,32,2,1,0,95,2,0.014557
29900,32,2,0,0,94,1,0.017026
29900,32,3,0,0,93,1,0.019914
29900,32,4,0,0,92,3,0.023291
29900,32,4,1,0,91,1,0.027241
29900,32,5,1,0,90,3,0.031861
29900,32,4,1,0,89,1,0.037264
29900,32,4,2,0,88,2,0.043584
29900,32,4,1,0,87,1,0.050975
29900,32,5,1,0,86,1,0.05962
29900,32,6,1,0,85,0,0.069731
29900,32,6,0,0,84,0,0.081556
29900,32,5,0,0,83,3,0.095388
29900,32,5,1,0,82,3,0.111564
29900,32,5,2,0,81,3,0.130485
29900,32,5,3,0,80,1,0.152614
29900,32,5,3,0,79,1,0.178495
29900,32,6,3,0,78,1,0.208767
29900,32,7,3,0,77,1,0.244172
29900,32,8,3,0,76,3,0.285581
29900,32,8,4,0,75,0,0.334013
29900,32,7,4,0,74,1,0.390658
29900,32,8,4,0,73,1,0.45691
29900,32,9,4,0,72,1,0.534398
29900,32,10,4,0,71,3,0.625026
29900,32,11,4,0,70,0,0.731025
29900,32,10,4,0,69,3,0.855
29900,33,0,1,0,100,2,0.005687
29900,33,0,0,0,99,1,0.006651
29900,33,1,0,0,98,1,0.007779
29900,33,1,0,0,97,1,0.009099
29900,33,2,0,0,96,1,0.010642
29900,33,2,1,0,95,2,0.012447
29900,33,2,0,0,94,1,0.014557
29900,33,3,0,0,93,1,0.017026
29900,33,4,0,0,92,3,0.019914
29900,33,4,1,0,91,1,0.023291
29900,33,5,1,0,90,3,0.027241
29900,33,4,1,0,89,1,0.031861
29900,33,4,2,0,88,2,0.037264
29900,33,4,1,0,87,1,0.043584
29900,33,5,1,0,86,1,0.050975
29900,33,6,1,0,85,0,0.05962
29900,33,6,0,0,84,0,0.069731
29900,33,5,0,0,83,3,0.081556
29900,33,5,1,0,82,3,0.095388
29900,33,5,2,0,81,3,0.111564
29900,33,5,3,0,80,1,0.130485
29900,33,5,3,0,79,1,0.152614
29900,33,6,3,0,78,1,0.178495
29900,33,7,3,0,77,1,0.208767
29900,33,8,3,0,76,3,0.244172
29900,33,8,4,0,75,0,0.285581
29900,33,7,4,0,74,1,0.334013
29900,33,8,4,0,73,1,0.390658
29900,33,9,4,0,72,1,0.45691
29900,33,10,4,0,71,3,0.534398
29900,33,11,4,0,70,0,0.625026
29900,33,10,4,0,69,3,0.731025
29900,33,10,5,0,68,1,0.855
29900,34,0,1,0,100,2,0.004862
29900,34,0,0,0,99,1,0.005687
29900,34,1,0,0,98,1,0.006651
29900,34,1,0,0,97,1,0.007779
29900,34,2,0,0,96,1,0.009099
29900,34,2,1,0,95,2,0.010642
29900,34,2,0,0,94,1,0.012447
29900,34,3,0,0,93,1,0.014557
29900,34,4,0,0,92,3,0.017026
29900,34,4,1,0,91,1,0.019914
29900,34,5,1,0,90,3,0.023291
29900,34,4,1,0,89,1,0.027241
29900,34,4,2,0,88,2,0.031861
29900,34,4,1,0,87,1,0.037264
29900,34,5,1,0,86,1,0.043584
29900,34,6,1,0,85,0,0.050975
29900,34,6,0,0,84,0,0.05962
29900,34,5,0,0,83,3,0.069731
29900,34,5,1,0,82,3,0.081556
29900,34,5,2,0,81,3,0.095388
29900,34,5,3,0,80,1,0.111564
29900,34,5,3,0,79,1,0.130485
29900,34,6,3,0,78,1,0.152614
29900,34,7,3,0,77,1,0.178495
29900,34,8,3,0,76,3,0.208767
29900,34,8,4,0,75,0,0.244172
29900,34,7,4,0,74,1,0.285581
29900,34,8,4,0,73,1,0.334013
29900,34,9,4,0,72,1,0.390658
29900,34,10,4,0,71,3,0.45691
29900,34,11,4,0,70,0,0.534398
29900,34,10,4,0,69,3,0.625026
29900,34,10,5,0,68,1,0.731025
29900,34,10,6,0,67,2,0.855
29900,35,0,1,0,100,2,0.004157
29900,35,0,0,0,99,1,0.004862
29900,35,1,0,0,98,1,0.005687
29900,35,1,0,0,97,1,0.006651
29900,35,2,0,0,96,1,0.007779
29900,35,2,1,0,95,2,0.009099
29900,35,2,0,0,94,1,0.010642
29900,35,3,0,0,93,1,0.012447
29900,35,4,0,0,92,3,0.014557
29900,35,4,1,0,91,1,0.017026
29900,35,5,1,0,90,3,0.019914
29900,35,4,1,0,89,1,0.023291
29900,35,4,2,0,88,2,0.027241
29900,35,4,1,0,87,1,0.031861
29900,35,5,1,0,86,1,0.037264
29900,35,6,1,0,85,0,0.043584
29900,35,6,0,0,84,0,0.050975
29900,35,5,0,0,83,3,0.05962
29900,35,5,1,0,82,3,0.069731
29900,35,5,2,0,81,3,0.081556
29900,35,5,3,0,80,1,0.095388
29900,35,5,3,0,79,1,0.111564
29900,35,6,3,0,78,1,0.130485
29900,35,7,3,0,77,1,0.152614
29900,35,8,3,0,76,3,0.178495
29900,35,8,4,0,75,0,0.208767
29900,35,7,4,0,74,1,0.244172
29900,35,8,4,0,73,1,0.285581
29900,35,9,4,0,72,1,0.334013
29900,35,10,4,0,71,3,0.390658
29900,35,11,4,0,70,0,0.45691
29900,35,10,4,0,69,3,0.534398
29900,35,10,5,0,68,1,0.625026
29900,35,10,6,0,67,2,0.731025
29900,35,10,5,0,66,1,0.855
29900,36,0,1,0,100,2,0.003555
29900,36,0,0,0,99,1,0.004157
29900,36,1,0,0,98,1,0.004862
29900,36,1,0,0,97,1,0.005687
29900,36,2,0,0,96,1,0.006651
29900,36,2,1,0,95,2,0.007779
29900,36,2,0,0,94,1,0.009099
29900,36,3,0,0,93,1,0.010642
29900,36,4,0,0,92,3,0.012447
29900,36,4,1,0,91,1,0.014557
29900,36,5,1,0,90,3,0.017026
29900,36,4,1,0,89,1,0.019914
29900,36,4,2,0,88,2,0.023291
29900,36,4,1,0,87,1,0.027241
29900,36,5,1,0,86,1,0.031861
29900,36,6,1,0,85,0,0.037264
29900,36,6,0,0,84,0,0.043584
29900,36,5,0,0,83,3,0.050975
29900,36,5,1,0,82,3,0.05962
29900,36,5,2,0,81,3,0.069731
29900,36,5,3,0,80,1,0.081556
29900,36,5,3,0,79,1,0.095388
29900,36,6,3,0,78,1,0.111564
29900,36,7,3,0,77,1,0.130485
29900,36,8,3,0,76,3,0.152614
29900,36,8,4,0,75,0,0.178495
29900,36,7,4,0,74,1,0.208767
29900,36,8,4,0,73,1,0.244172
29900,36,9,4,0,72,1,0.285581
29900,36,10,4,0,71,3,0.334013
29900,36,11,4,0,70,0,0.390658
29900,36,10,4,0,69,3,0.45691
29900,36,10,5,0,68,1,0.534398
29900,36,10,6,0,67,2,0.625026
29900,36,10,5,0,66,1,0.731025
29900,36,11,5,0,65,3,0.855
29900,37,0,1,0,100,2,0.003039
29900,37,0,0,0,99,1,0.003555
29900,37,1,0,0,98,1,0.004157
29900,37,1,0,0,97,1,0.004862
29900,37,2,0,0,96,1,0.005687
29900,37,2,1,0,95,2,0.006651
29900,37,2,0,0,94,1,0.007779
29900,37,3,0,0,93,1,0.009099
29900,37,4,0,0,92,3,0.010642
29900,37,4,1,0,91,1,0.012447
29900,37,5,1,0,90,3,0.014557
29900,37,4,1,0,89,1,0.017026
29900,37,4,2,0,88,2,0.019914
29900,37,4,1,0,87,1,0.023291
29900,37,5,1,0,86,1,0.027241
29900,37,6,1,0,85,0,0.031861
29900,37,6,0,0,84,0,0.037264
29900,37,5,0,0,83,3,0.043584
29900,37,5,1,0,82,3,0.050975
29900,37,5,2,0,81,3,0.05962
29900,37,5,3,0,80,1,0.069731
29900,37,5,3,0,79,1,0.081556
29900,37,6,3,0,78,1,0.095388
29900,37,7,3,0,77,1,0.111564
29900,37,8,3,0,76,3,0.130485
29900,37,8,4,0,75,0,0.152614
29900,37,7,4,0,74,1,0.178495
29900,37,8,4,0,73,1,0.208767
29900,37,9,4,0,72,1,0.244172
29900,37,10,4,0,71,3,0.285581
29900,37,11,4,0,70,0,0.334013
29900,37,10,4,0,69,3,0.390658
29900,37,10,5,0,68,1,0.45691
29900,37,10,6,0,67,2,0.534398
29900,37,10,5,0,66,1,0.625026
29900,37,11,5,0,65,3,0.731025
29900,37,11,6,0,64,3,0.855
29900,38,0,1,0,100,2,0.002598
29900,38,0,0,0,99,1,0.003039
29900,38,1,0,0,98,1,0.003555
29900,38,1,0,0,97,1,0.004157
29900,38,2,0,0,96,1,0.004862
29900,38,2,1,0,95,2,0.005687
29900,38,2,0,0,94,1,0.006651
29900,38,3,0,0,93,1,0.007779
29900,38,4,0,0,92,3,0.009099
29900,38,4,1,0,91,1,0.010642
29900,38,5,1,0,90,3,0.012447
29900,38,4,1,0,89,1,0.014557
29900,38,4,2,0,88,2,0.017026
29900,38,4,1,0,87,1,0.019914
29900,38,5,1,0,86,1,0.023291
29900,38,6,1,0,85,0,0.027241
29900,38,6,0,0,84,0,0.031861
29900,38,5,0,0,83,3,0.037264
29900,38,5,1,0,82,3,0.043584
29900,38,5,2,0,81,3,0.050975
29900,38,5,3,0,80,1,0.05962
29900,38,5,3,0,79,1,0.069731
29900,38,6,3,0,78,1,0.081556
29900,38,7,3,0,77,1,0.095388
29900,38,8,3,0,76,3,0.111564
29900,38,8,4,0,75,0,0.130485
29900,38,7,4,0,74,1,0.152614
29900,38,8,4,0,73,1,0.178495
29900,38,9,4,0,72,1,0.208767
29900,38,10,4,0,71,3,0.244172
29900,38,11,4,0,70,0,0.285581
29900,38,10,4,0,69,3,0.334013
29900,38,10,5,0,68,1,0.390658
29900,38,10,6,0,67,2,0.45691
29900,38,10,5,0,66,1,0.534398
29900,38,11,5,0,65,3,0.625026
29900,38,11,6,0,64,3,0.731025
29900,38,11,7,0,63,1,0.855
29900,39,0,1,0,100,2,0.002222
29900,39,0,0,0,99,1,0.002598
29900,39,1,0,0,98,1,0.003039
29900,39,1,0,0,97,1,0.003555
29900,39,2,0,0,96,1,0.004157
29900,39,2,1,0,95,2,0.004862
29900,39,2,0,0,94,1,0.005687
29900,39,3,0,0,93,1,0.006651
29900,39,4,0,0,92,3,0.007779
29900,39,4,1,0,91,1,0.009099
29900,39,5,1,0,90,3,0.010642
29900,39,4,1,0,89,1,0.012447
29900,39,4,2,0,88,2,0.014557
29900,39,4,1,0,87,1,0.017026
29900,39,5,1,0,86,1,0.019914
29900,39,6,1,0,85,0,0.023291
29900,39,6,0,0,84,0,0.027241
29900,39,5,0,0,83,3,0.031861
29900,39,5,1,0,82,3,0.037264
29900,39,5,2,0,81,3,0.043584
29900,39,5,3,0,80,1,0.050975
29900,39,5,3,0,79,1,0.05962
29900,39,6,3,0,78,1,0.069731
29900,39,7,3,0,77,1,0.081556
29900,39,8,3,0,76,3,0.095388
29900,39,8,4,0,75,0,0.111564
29900,39,7,4,0,74,1,0.130485
29900,39,8,4,0,73,1,0.152614
29900,39,9,4,0,72,1,0.178495
29900,39,10,4,0,71,3,0.208767
29900,39,11,4,0,70,0,0.244172
29900,39,10,4,0,69,3,0.285581
29900,39,10,5,0,68,1,0.334013
29900,39,10,6,0,67,2,0.390658
29900,39,10,5,0,66,1,0.45691
29900,39,11,5,0,65,3,0.534398
29900,39,11,6,0,64,3,0.625026
29900,39,11,7,0,63,1,0.731025
29900,39,12,7,0,62,0,0.855
29900,40,0,1,0,100,2,0.0019
29900,40,0,0,0,99,1,0.002222
29900,40,1,0,0,98,1,0.002598
29900,40,1,0,0,97,1,0.003039
29900,40,2,0,0,96,1,0.003555
29900,40,2,1,0,95,2,0.004157
29900,40,2,0,0,94,1,0.004862
29900,40,3,0,0,93,1,0.005687
29900,40,4,0,0,92,3,0.006651
29900,40,4,1,0,91,1,0.007779
29900,40,5,1,0,90,3,0.009099
29900,40,4,1,0,89,1,0.010642
29900,40,4,2,0,88,2,0.012447
29900,40,4,1,0,87,1,0.014557
29900,40,5,1,0,86,1,0.017026
29900,40,6,1,0,85,0,0.019914
29900,40,6,0,0,84,0,0.023291
29900,40,5,0,0,83,3,0.027241
29900,40,5,1,0,82,3,0.031861
29900,40,5,2,0,81,3,0.037264
29900,40,5,3,0,80,1,0.043584
29900,40,5,3,0,79,1,0.050975
29900,40,6,3,0,78,1,0.05962
29900,40,7,3,0,77,1,0.069731
29900,40,8,3,0,76,3,0.081556
29900,40,8,4,0,75,0,0.095388
29900,40,7,4,0,74,1,0.111564
29900,40,8,4,0,73,1,0.130485
29900,40,9,4,0,72,1,0.152614
29900,40,10,4,0,71,3,0.178495
29900,40,11,4,0,70,0,0.208767
29900,40,10,4,0,69,3,0.244172
29900,40,10,5,0,68,1,0.285581
29900,40,10,6,0,67,2,0.334013
29900,40,10,5,0,66,1,0.390658
29900,40,11,5,0,65,3,0.45691
29900,40,11,6,0,64,3,0.534398
29900,40,11,7,0,63,1,0.625026
29900,40,12,7,0,62,0,0.731025
29900,40,11,7,0,61,1,0.855
29900,41,0,1,0,100,2,0.001624
29900,41,0,0,0,99,1,0.0019
29900,41,1,0,0,98,1,0.002222
29900,41,1,0,0,97,1,0.002598
29900,41,2,0,0,96,1,0.003039
29900,41,2,1,0,95,2,0.003555
29900,41,2,0,0,94,1,0.004157
29900,41,3,0,0,93,1,0.004862
29900,41,4,0,0,92,3,0.005687
29900,41,4,1,0,91,1,0.006651
29900,41,5,1,0,90,3,0.007779
29900,41,4,1,0,89,1,0.009099
29900,41,4,2,0,88,2,0.010642
29900,41,4,1,0,87,1,0.012447
29900,41,5,1,0,86,1,0.014557
29900,41,6,1,0,85,0,0.017026
29900,41,6,0,0,84,0,0.019914
29900,41,5,0,0,83,3,0.023291
29900,41,5,1,0,82,3,0.027241
29900,41,5,2,0,81,3,0.031861
29900,41,5,3,0,80,1,0.037264
29900,41,5,3,0,79,1,0.043584
29900,41,6,3,0,78,1,0.050975
29900,41,7,3,0,77,1,0.05962
29900,41,8,3,0,76,3,0.069731
29900,41,8,4,0,75,0,0.081556
29900,41,7,4,0,74,1,0.095388
29900,41,8,4,0,73,1,0.111564
29900,41,9,4,0,72,1,0.130485
29900,41,10,4,0,71,3,0.152614
29900,41,11,4,0,70,0,0.178495
29900,41,10,4,0,69,3,0.208767
29900,41,10,5,0,68,1,0.244172
29900,41,10,6,0,67,2,0.285581
29900,41,10,5,0,66,1,0.334013
29900,41,11,5,0,65,3,0.390658
29900,41,11,6,0,64,3,0.45691
29900,41,11,7,0,63,1,0.534398
29900,41,12,7,0,62,0,0.625026
29900,41,11,7,0,61,1,0.731025
29900,41,11,8,0,60,1,0.855
29900,42,0,1,0,100,2,0.001389
29900,42,0,0,0,99,1,0.001624
29900,42,1,0,0,98,1,0.0019
29900,42,1,0,0,97,1,0.002222
29900,42,2,0,0,96,1,0.002598
29900,42,2,1,0,95,2,0.003039
29900,42,2,0,0,94,1,0.003555
29900,42,3,0,0,93,1,0.004157
29900,42,4,0,0,92,3,0.004862
29900,42,4,1,0,91,1,0.005687
29900,42,5,1,0,90,3,0.006651
29900,42,4,1,0,89,1,0.007779
29900,42,4,2,0,88,2,0.009099
29900,42,4,1,0,87,1,0.010642
29900,42,5,1,0,86,1,0.012447
29900,42,6,1,0,85,0,0.014557
29900,42,6,0,0,84,0,0.017026
29900,42,5,0,0,83,3,0.019914
29900,42,5,1,0,82,3,0.023291
29900,42,5,2,0,81,3,0.027241
29900,42,5,3,0,80,1,0.031861
29900,42,5,3,0,79,1,0.037264
29900,42,6,3,0,78,1,0.043584
29900,42,7,3,0,77,1,0.050975
29900,42,8,3,0,76,3,0.05962
29900,42,8,4,0,75,0,0.069731
29900,42,7,4,0,74,1,0.081556
29900,42,8,4,0,73,1,0.095388
29900,42,9,4,0,72,1,0.111564
29900,42,10,4,0,71,3,0.130485
29900,42,11,4,0,70,0,0.152614
29900,42,10,4,0,69,3,0.178495
29900,42,10,5,0,68,1,0.208767
29900,42,10,6,0,67,2,0.244172
29900,42,10,5,0,66,1,0.285581
29900,42,11,5,0,65,3,0.334013
29900,42,11,6,0,64,3,0.390658
29900,42,11,7,0,63,1,0.45691
29900,42,12,7,0,62,0,0.534398
29900,42,11,7,0,61,1,0.625026
29900,42,11,8,0,60,1,0.731025
29900,42,12,8,0,59,3,0.855
29900,43,0,1,0,100,2,0.001187
29900,43,0,0,0,99,1,0.001389
29900,43,1,0,0,98,1,0.001624
29900,43,1,0,0,97,1,0.0019
29900,43,2,0,0,96,1,0.002222
29900,43,2,1,0,95,2,0.002598
29900,43,2,0,0,94,1,0.003039
29900,43,3,0,0,93,1,0.003555
29900,43,4,0,0,92,3,0.004157
29900,43,4,1,0,91,1,0.004862
29900,43,5,1,0,90,3,0.005687
29900,43,4,1,0,89,1,0.006651
29900,43,4,2,0,88,2,0.007779
29900,43,4,1,0,87,1,0.009099
29900,43,5,1,0,86,1,0.010642
29900,43,6,1,0,85,0,0.012447
29900,43,6,0,0,84,0,0.014557
29900,43,5,0,0,83,3,0.017026
29900,43,5,1,0,82,3,0.019914
29900,43,5,2,0,81,3,0.023291
29900,43,5,3,0,80,1,0.027241
29900,43,5,3,0,79,1,0.031861
29900,43,6,3,0,78,1,0.037264
29900,43,7,3,0,77,1,0.043584
29900,43,8,3,0,76,3,0.050975
29900,43,8,4,0,75,0,0.05962
29900,43,7,4,0,74,1,0.069731
29900,43,8,4,0,73,1,0.081556
29900,43,9,4,0,72,1,0.095388
29900,43,10,4,0,71,3,0.111564
29900,43,11,4,0,70,0,0.130485
29900,43,10,4,0,69,3,0.152614
29900,43,10,5,0,68,1,0.178495
29900,43,10,6,0,67,2,0.208767
29900,43,10,5,0,66,1,0.244172
29900,43,11,5,0,65,3,0.285581
29900,43,11,6,0,64,3,0.334013
29900,43,11,7,0,63,1,0.390658
29900,43,12,7,0,62,0,0.45691
29900,43,11,7,0,61,1,0.534398
29900,43,11,8,0,60,1,0.625026
29900,43,12,8,0,59,3,0.731025
29900,43,12,9,0,58,3,0.855
29900,44,0,1,0,100,2,0.001015
29900,44,0,0,0,99,1,0.001187
29900,44,1,0,0,98,1,0.001389
29900,44,1,0,0,97,1,0.001624
29900,44,2,0,0,96,1,0.0019
29900,44,2,1,0,95,2,0.002222
29900,44,2,0,0,94,1,0.002598
29900,44,3,0,0,93,1,0.003039
29900,44,4,0,0,92,3,0.003555
29900,44,4,1,0,91,1,0.004157
29900,44,5,1,0,90,3,0.004862
29900,44,4,1,0,89,1,0.005687
29900,44,4,2,0,88,2,0.006651
29900,44,4,1,0,87,1,0.007779
29900,44,5,1,0,86,1,0.009099
29900,44,6,1,0,85,0,0.010642
29900,44,6,0,0,84,0,0.012447
29900,44,5,0,0,83,3,0.014557
29900,44,5,1,0,82,3,0.017026
29900,44,5,2,0,81,3,0.019914
29900,44,5,3,0,80,1,0.023291
29900,44,5,3,0,79,1,0.027241
29900,44,6,3,0,78,1,0.031861
29900,44,7,3,0,77,1,0.037264
29900,44,8,3,0,76,3,0.043584
29900,44,8,4,0,75,0,0.050975
29900,44,7,4,0,74,1,0.05962
29900,44,8,4,0,73,1,0.069731
29900,44,9,4,0,72,1,0.081556
29900,44,10,4,0,71,3,0.095388
29900,44,11,4,0,70,0,0.111564
29900,44,10,4,0,69,3,0.130485
29900,44,10,5,0,68,1,0.152614
29900,44,10,6,0,67,2,0.178495
29900,44,10,5,0,66,1,0.208767
29900,44,11,5,0,65,3,0.244172
29900,44,11,6,0,64,3,0.285581
29900,44,11,7,0,63,1,0.334013
29900,44,12,7,0,62,0,0.390658
29900,44,11,7,0,61,1,0.45691
29900,44,11,8,0,60,1,0.534398
29900,44,12,8,0,59,3,0.625026
29900,44,12,9,0,58,3,0.731025
29900,44,12,10,1,57,2,0.855
29900,45,0,1,0,100,2,0.000868
29900,45,0,0,0,99,1,0.001015
29900,45,1,0,0,98,1,0.001187
29900,45,1,0,0,97,1,0.001389
29900,45,2,0,0,96,1,0.001624
29900,45,2,1,0,95,2,0.0019
29900,45,2,0,0,94,1,0.002222
29900,45,3,0,0,93,1,0.002598
29900,45,4,0,0,92,3,0.003039
29900,45,4,1,0,91,1,0.003555
29900,45,5,1,0,90,3,0.004157
29900,45,4,1,0,89,1,0.004862
29900,45,4,2,0,88,2,0.005687
29900,45,4,1,0,87,1,0.006651
29900,45,5,1,0,86,1,0.007779
29900,45,6,1,0,85,0,0.009099
29900,45,6,0,0,84,0,0.010642
29900,45,5,0,0,83,3,0.012447
29900,45,5,1,0,82,3,0.014557
29900,45,5,2,0,81,3,0.017026
29900,45,5,3,0,80,1,0.019914
29900,45,5,3,0,79,1,0.023291
29900,45,6,3,0,78,1,0.027241
29900,45,7,3,0,77,1,0.031861
29900,45,8,3,0,76,3,0.037264
29900,45,8,4,0,75,0,0.043584
29900,45,7,4,0,74,1,0.050975
29900,45,8,4,0,73,1,0.05962
29900,45,9,4,0,72,1,0.069731
29900,45,10,4,0,71,3,0.081556
29900,45,11,4,0,70,0,0.095388
29900,45,10,4,0,69,3,0.111564
29900,45,10,5,0,68,1,0.130485
29900,45,10,6,0,67,2,0.152614
29900,45,10,5,0,66,1,0.178495
29900,45,11,5,0,65,3,0.208767
29900,45,11,6,0,64,3,0.244172
29900,45,11,7,0,63,1,0.285581
29900,45,12,7,0,62,0,0.334013
29900,45,11,7,0,61,1,0.390658
29900,45,11,8,0,60,1,0.45691
29900,45,12,8,0,59,3,0.534398
29900,45,12,9,0,58,3,0.625026
29900,45,12,10,1,57,2,0.731025
29900,45,12,9,1,56,1,0.855
29900,46,0,1,0,100,2,0.000742
29900,46,0,0,0,99,1,0.000868
29900,46,1,0,0,98,1,0.001015
29900,46,1,0,0,97,1,0.001187
29900,46,2,0,0,96,1,0.001389
29900,46,2,1,0,95,2,0.001624
29900,46,2,0,0,94,1,0.0019
29900,46,3,0,0,93,1,0.002222
29900,46,4,0,0,92,3,0.002598
29900,46,4,1,0,91,1,0.003039
29900,46,5,1,0,90,3,0.003555
29900,46,4,1,0,89,1,0.004157
29900,46,4,2,0,88,2,0.004862
29900,46,4,1,0,87,1,0.005687
29900,46,5,1,0,86,1,0.006651
29900,46,6,1,0,85,0,0.007779
29900,46,6,0,0,84,0,0.009099
29900,46,5,0,0,83,3,0.010642
29900,46,5,1,0,82,3,0.012447
29900,46,5,2,0,81,3,0.014557
29900,46,5,3,0,80,1,0.017026
29900,46,5,3,0,79,1,0.019914
29900,46,6,3,0,78,1,0.023291
29900,46,7,3,0,77,1,0.027241
29900,46,8,3,0,76,3,0.031861
29900,46,8,4,0,75,0,0.037264
29900,46,7,4,0,74,1,0.043584
29900,46,8,4,0,73,1,0.050975
29900,46,9,4,0,72,1,0.05962
29900,46,10,4,0,71,3,0.069731
29900,46,11,4,0,70,0,0.081556
29900,46,10,4,0,69,3,0.095388
29900,46,10,5,0,68,1,0.111564
29900,46,10,6,0,67,2,0.130485
29900,46,10,5,0,66,1,0.152614
29900,46,11,5,0,65,3,0.178495
29900,46,11,6,0,64,3,0.208767
29900,46,11,7,0,63,1,0.244172
29900,46,12,7,0,62,0,0.285581
29900,46,11,7,0,61,1,0.334013
29900,46,11,8,0,60,1,0.390658
29900,46,12,8,0,59,3,0.45691
29900,46,12,9,0,58,3,0.534398
29900,46,12,10,1,57,2,0.625026
29900,46,12,9,1,56,1,0.731025
29900,46,13,9,1,55,2,0.855
29900,47,0,1,0,100,2,0.000634
29900,47,0,0,0,99,1,0.000742
29900,47,1,0,0,98,1,0.000868
29900,47,1,0,0,97,1,0.001015
29900,47,2,0,0,96,1,0.001187
29900,47,2,1,0,95,2,0.001389
29900,47,2,0,0,94,1,0.001624
29900,47,3,0,0,93,1,0.0019
29900,47,4,0,0,92,3,0.002222
29900,47,4,1,0,91,1,0.002598
29900,47,5,1,0,90,3,0.003039
29900,47,4,1,0,89,1,0.003555
29900,47,4,2,0,88,2,0.004157
29900,47,4,1,0,87,1,0.004862
29900,47,5,1,0,86,1,0.005687
29900,47,6,1,0,85,0,0.006651
29900,47,6,0,0,84,0,0.007779
29900,47,5,0,0,83,3,0.009099
29900,47,5,1,0,82,3,0.010642
29900,47,5,2,0,81,3,0.012447
29900,47,5,3,0,80,1,0.014557
29900,47,5,3,0,79,1,0.017026
29900,47,6,3,0,78,1,0.019914
29900,47,7,3,0,77,1,0.023291
29900,47,8,3,0,76,3,0.027241
29900,47,8,4,0,75,0,0.031861
29900,47,7,4,0,74,1,0.037264
29900,47,8,4,0,73,1,0.043584
29900,47,9,4,0,72,1,0.050975
29900,47,10,4,0,71,3,0.05962
29900,47,11,4,0,70,0,0.069731
29900,47,10,4,0,69,3,0.081556
29900,47,10,5,0,68,1,0.095388
29900,47,10,6,0,67,2,0.111564
29900,47,10,5,0,66,1,0.130485
29900,47,11,5,0,65,3,0.152614
29900,47,11,6,0,64,3,0.178495
29900,47,11,7,0,63,1,0.208767
29900,47,12,7,0,62,0,0.244172
29900,47,11,7,0,61,1,0.285581
29900,47,11,8,0,60,1,0.334013
29900,47,12,8,0,59,3,0.390658
29900,47,12,9,0,58,3,0.45691
29900,47,12,10,1,57,2,0.534398
29900,47,12,9,1,56,1,0.625026
29900,47,13,9,1,55,2,0.731025
29900,47,13,8,1,54,0,0.855
29900,48,0,1,0,100,2,0.000542
29900,48,0,0,0,99,1,0.000634
29900,48,1,0,0,98,1,0.000742
29900,48,1,0,0,97,1,0.000868
29900,48,2,0,0,96,1,0.001015
29900,48,2,1,0,95,2,0.001187
29900,48,2,0,0,94,1,0.001389
29900,48,3,0,0,93,1,0.001624
29900,48,4,0,0,92,3,0.0019
29900,48,4,1,0,91,1,0.002222
29900,48,5,1,0,90,3,0.002598
29900,48,4,1,0,89,1,0.003039
29900,48,4,2,0,88,2,0.003555
29900,48,4,1,0,87,1,0.004157
29900,48,5,1,0,86,1,0.004862
29900,48,6,1,0,85,0,0.005687
29900,48,6,0,0,84,0,0.006651
29900,48,5,0,0,83,3,0.007779
29900,48,5,1,0,82,3,0.009099
29900,48,5,2,0,81,3,0.010642
29900,48,5,3,0,80,1,0.012447
29900,48,5,3,0,79,1,0.014557
29900,48,6,3,0,78,1,0.017026
29900,48,7,3,0,77,1,0.019914
29900,48,8,3,0,76,3,0.023291
29900,48,8,4,0,75,0,0.027241
29900,48,7,4,0,74,1,0.031861
29900,48,8,4,0,73,1,0.037264
29900,48,9,4,0,72,1,0.043584
29900,48,10,4,0,71,3,0.050975
29900,48,11,4,0,70,0,0.05962
29900,48,10,4,0,69,3,0.069731
29900,48,10,5,0,68,1,0.081556
29900,48,10,6,0,67,2,0.095388
29900,48,10,5,0,66,1,0.111564
29900,48,11,5,0,65,3,0.130485
29900,48,11,6,0,64,3,0.152614
29900,48,11,7,0,63,1,0.178495
29900,48,12,7,0,62,0,0.208767
29900,48,11,7,0,61,1,0.244172
29900,48,11,8,0,60,1,0.285581
29900,48,12,8,0,59,3,0.334013
29900,48,12,9,0,58,3,0.390658
29900,48,12,10,1,57,2,0.45691
29900,48,12,9,1,56,1,0.534398
29900,48,13,9,1,55,2,0.625026
29900,48,13,8,1,54,0,0.731025
29900,48,12,8,1,53,0,0.855
29900,49,0,1,0,100,2,0.000464
29900,49,0,0,0,99,1,0.000542
29900,49,1,0,0,98,1,0.000634
29900,49,1,0,0,97,1,0.000742
29900,49,2,0,0,96,1,0.000868
29900,49,2,1,0,95,2,0.001015
29900,49,2,0,0,94,1,0.001187
29900,49,3,0,0,93,1,0.001389
29900,49,4,0,0,92,3,0.001624
29900,49,4,1,0,91,1,0.0019
29900,49,5,1,0,90,3,0.002222
29900,49,4,1,0,89,1,0.002598
29900,49,4,2,0,88,2,0.003039
29900,49,4,1,0,87,1,0.003555
29900,49,5,1,0,86,1,0.004157
29900,49,6,1,0,85,0,0.004862
29900,49,6,0,0,84,0,0.005687
29900,49,5,0,0,83,3,0.006651
29900,49,5,1,0,82,3,0.007779
29900,49,5,2,0,81,3,0.009099
29900,49,5,3,0,80,1,0.010642
29900,49,5,3,0,79,1,0.012447
29900,49,6,3,0,78,1,0.014557
29900,49,7,3,0,77,1,0.017026
29900,49,8,3,0,76,3,0.019914
29900,49,8,4,0,75,0,0.023291
29900,49,7,4,0,74,1,0.027241
29900,49,8,4,0,73,1,0.031861
29900,49,9,4,0,72,1,0.037264
29900,49,10,4,0,71,3,0.043584
29900,49,11,4,0,70,0,0.050975
29900,49,10,4,0,69,3,0.05962
29900,49,10,5,0,68,1,0.069731
29900,49,10,6,0,67,2,0.081556
29900,49,10,5,0,66,1,0.095388
29900,49,11,5,0,65,3,0.111564
29900,49,11,6,0,64,3,0.130485
29900,49,11,7,0,63,1,0.152614
29900,49,12,7,0,62,0,0.178495
29900,49,11,7,0,61,1,0.208767
29900,49,11,8,0,60,1,0.244172
29900,49,12,8,0,59,3,0.285581
29900,49,12,9,0,58,3,0.334013
29900,49,12,10,1,57,2,0.390658
29900,49,12,9,1,56,1,0.45691
29900,49,13,9,1,55,2,0.534398
29900,49,13,8,1,54,0,0.625026
29900,49,12,8,1,53,0,0.731025
29900,49,11,8,1,52,1,0.855
29900,50,0,1,0,100,2,0.000397
29900,50,0,0,0,99,1,0.000464
29900,50,1,0,0,98,1,0.000542
29900,50,1,0,0,97,1,0.000634
29900,50,2,0,0,96,1,0.000742
29900,50,2,1,0,95,2,0.000868
29900,50,2,0,0,94,1,0.001015
29900,50,3,0,0,93,1,0.001187
29900,50,4,0,0,92,3,0.001389
29900,50,4,1,0,91,1,0.001624
29900,50,5,1,0,90,3,0.0019
29900,50,4,1,0,89,1,0.002222
29900,50,4,2,0,88,2,0.002598
29900,50,4,1,0,87,1,0.003039
29900,50,5,1,0,86,1,0.003555
29900,50,6,1,0,85,0,0.004157
29900,50,6,0,0,84,0,0.004862
29900,50,5,0,0,83,3,0.005687
29900,50,5,1,0,82,3,0.006651
29900,50,5,2,0,81,3,0.007779
29900,50,5,3,0,80,1,0.009099
29900,50,5,3,0,79,1,0.010642
29900,50,6,3,0,78,1,0.012447
29900,50,7,3,0,77,1,0.014557
29900,50,8,3,0,76,3,0.017026
29900,50,8,4,0,75,0,0.019914
29900,50,7,4,0,74,1,0.023291
29900,50,8,4,0,73,1,0.027241
29900,50,9,4,0,72,1,0.031861
29900,50,10,4,0,71,3,0.037264
29900,50,11,4,0,70,0,0.043584
29900,50,10,4,0,69,3,0.050975
29900,50,10,5,0,68,1,0.05962
29900,50,10,6,0,67,2,0.069731
29900,50,10,5,0,66,1,0.081556
29900,50,11,5,0,65,3,0.095388
29900,50,11,6,0,64,3,0.111564
29900,50,11,7,0,63,1,0.130485
29900,50,12,7,0,62,0,0.152614
29900,50,11,7,0,61,1,0.178495
29900,50,11,8,0,60,1,0.208767
29900,50,12,8,0,59,3,0.244172
29900,50,12,9,0,58,3,0.285581
29900,50,12,10,1,57,2,0.334013
29900,50,12,9,1,56,1,0.390658
29900,50,13,9,1,55,2,0.45691
29900,50,13,8,1,54,0,0.534398
29900,50,12,8,1,53,0,0.625026
29900,50,11,8,1,52,1,0.731025
29900,50,11,7,1,51,3,0.855
29900,51,0,1,0,100,2,0.000339
29900,51,0,0,0,99,1,0.000397
29900,51,1,0,0,98,1,0.000464
29900,51,1,0,0,97,1,0.000542
29900,51,2,0,0,96,1,0.000634
29900,51,2,1,0,95,2,0.000742
29900,51,2,0,0,94,1,0.000868
29900,51,3,0,0,93,1,0.001015
29900,51,4,0,0,92,3,0.001187
29900,51,4,1,0,91,1,0.001389
29900,51,5,1,0,90,3,0.001624
29900,51,4,1,0,89,1,0.0019
29900,51,4,2,0,88,2,0.002222
29900,51,4,1,0,87,1,0.002598
29900,51,5,1,0,86,1,0.003039
29900,51,6,1,0,85,0,0.003555
29900,51,6,0,0,84,0,0.004157
29900,51,5,0,0,83,3,0.004862
29900,51,5,1,0,82,3,0.005687
29900,51,5,2,0,81,3,0.006651
29900,51,5,3,0,80,1,0.007779
29900,51,5,3,0,79,1,0.009099
29900,51,6,3,0,78,1,0.010642
29900,51,7,3,0,77,1,0.012447
29900,51,8,3,0,76,3,0.014557
29900,51,8,4,0,75,0,0.017026
29900,51,7,4,0,74,1,0.019914
29900,51,8,4,0,73,1,0.023291
29900,51,9,4,0,72,1,0.027241
29900,51,10,4,0,71,3,0.031861
29900,51,11,4,0,70,0,0.037264
29900,51,10,4,0,69,3,0.043584
29900,51,10,5,0,68,1,0.050975
29900,51,10,6,0,67,2,0.05962
29900,51,10,5,0,66,1,0.069731
29900,51,11,5,0,65,3,0.081556
29900,51,11,6,0,64,3,0.095388
29900,51,11,7,0,63,1,0.111564
29900,51,12,7,0,62,0,0.130485
29900,51,11,7,0,61,1,0.152614
29900,51,11,8,0,60,1,0.178495
29900,51,12,8,0,59,3,0.208767
29900,51,12,9,0,58,3,0.244172
29900,51,12,10,1,57,2,0.285581
29900,51,12,9,1,56,1,0.334013
29900,51,13,9,1,55,2,0.390658
29900,51,13,8,1,54,0,0.45691
29900,51,12,8,1,53,0,0.534398
29900,51,11,8,1,52,1,0.625026
29900,51,11,7,1,51,3,0.731025
29900,51,11,8,1,50,3,0.855
29900,52,0,1,0,100,2,0.00029
29900,52,0,0,0,99,1,0.000339
29900,52,1,0,0,98,1,0.000397
29900,52,1,0,0,97,1,0.000464
29900,52,2,0,0,96,1,0.000542
29900,52,2,1,0,95,2,0.000634
29900,52,2,0,0,94,1,0.000742
29900,52,3,0,0,93,1,0.000868
29900,52,4,0,0,92,3,0.001015
29900,52,4,1,0,91,1,0.001187
29900,52,5,1,0,90,3,0.001389
29900,52,4,1,0,89,1,0.001624
29900,52,4,2,0,88,2,0.0019
29900,52,4,1,0,87,1,0.002222
29900,52,5,1,0,86,1,0.002598
29900,52,6,1,0,85,0,0.003039
29900,52,6,0,0,84,0,0.003555
29900,52,5,0,0,83,3,0.004157
29900,52,5,1,0,82,3,0.004862
29900,52,5,2,0,81,3,0.005687
29900,52,5,3,0,80,1,0.006651
29900,52,5,3,0,79,1,0.007779
29900,52,6,3,0,78,1,0.009099
29900,52,7,3,0,77,1,0.010642
29900,52,8,3,0,76,3,0.012447
29900,52,8,4,0,75,0,0.014557
29900,52,7,4,0,74,1,0.017026
29900,52,8,4,0,73,1,0.019914
29900,52,9,4,0,72,1,0.023291
29900,52,10,4,0,71,3,0.027241
29900,52,11,4,0,70,0,0.031861
29900,52,10,4,0,69,3,0.037264
29900,52,10,5,0,68,1,0.043584
29900,52,10,6,0,67,2,0.050975
29900,52,10,5,0,66,1,0.05962
29900,52,11,5,0,65,3,0.069731
29900,52,11,6,0,64,3,0.081556
29900,52,11,7,0,63,1,0.095388
29900,52,12,7,0,62,0,0.111564
29900,52,11,7,0,61,1,0.130485
29900,52,11,8,0,60,1,0.152614
29900,52,12,8,0,59,3,0.178495
29900,52,12,9,0,58,3,0.208767
29900,52,12,10,1,57,2,0.244172
29900,52,12,9,1,56,1,0.285581
29900,52,13,9,1,55,2,0.334013
29900,52,13,8,1,54,0,0.390658
29900,52,12,8,1,53,0,0.45691
29900,52,11,8,1,52,1,0.534398
29900,52,11,7,1,51,3,0.625026
29900,52,11,8,1,50,3,0.731025
29900,52,10,8,1,49,3,0.855
29900,53,0,1,0,100,2,0.000248
29900,53,0,0,0,99,1,0.00029
29900,53,1,0,0,98,1,0.000339
29900,53,1,0,0,97,1,0.000397
29900,53,2,0,0,96,1,0.000464
29900,53,2,1,0,95,2,0.000542
29900,53,2,0,0,94,1,0.000634
29900,53,3,0,0,93,1,0.000742
29900,53,4,0,0,92,3,0.000868
29900,53,4,1,0,91,1,0.001015
29900,53,5,1,0,90,3,0.001187
29900,53,4,1,0,89,1,0.001389
29900,53,4,2,0,88,2,0.001624
29900,53,4,1,0,87,1,0.0019
29900,53,5,1,0,86,1,0.002222
29900,53,6,1,0,85,0,0.002598
29900,53,6,0,0,84,0,0.003039
29900,53,5,0,0,83,3,0.003555
29900,53,5,1,0,82,3,0.004157
29900,53,5,2,0,81,3,0.004862
29900,53,5,3,0,80,1,0.005687
29900,53,5,3,0,79,1,0.006651
29900,53,6,3,0,78,1,0.007779
29900,53,7,3,0,77,1,0.009099
29900,53,8,3,0,76,3,0.010642
29900,53,8,4,0,75,0,0.012447
29900,53,7,4,0,74,1,0.014557
29900,53,8,4,0,73,1,0.017026
29900,53,9,4,0,72,1,0.019914
29900,53,10,4,0,71,3,0.023291
29900,53,11,4,0,70,0,0.027241
29900,53,10,4,0,69,3,0.031861
29900,53,10,5,0,68,1,0.037264
29900,53,10,6,0,67,2,0.043584
29900,53,10,5,0,66,1,0.050975
29900,53,11,5,0,65,3,0.05962
29900,53,11,6,0,64,3,0.069731
29900,53,11,7,0,63,1,0.081556
29900,53,12,7,0,62,0,0.095388
29900,53,11,7,0,61,1,0.111564
29900,53,11,8,0,60,1,0.130485
29900,53,12,8,0,59,3,0.152614
29900,53,12,9,0,58,3,0.178495
29900,53,12,10,1,57,2,0.208767
29900,53,12,9,1,56,1,0.244172
29900,53,13,9,1,55,2,0.285581
29900,53,13,8,1,54,0,0.334013
29900,53,12,8,1,53,0,0.390658
29900,53,11,8,1,52,1,0.45691
29900,53,11,7,1,51,3,0.534398
29900,53,11,8,1,50,3,0.625026
29900,53,10,8,1,49,3,0.731025
29900,53,9,8,1,43,1,0.855
29900,54,0,1,0,100,2,0.000212
29900,54,0,0,0,99,1,0.000248
29900,54,1,0,0,98,1,0.00029
29900,54,1,0,0,97,1,0.000339
29900,54,2,0,0,96,1,0.000397
29900,54,2,1,0,95,2,0.000464
29900,54,2,0,0,94,1,0.000542
29900,54,3,0,0,93,1,0.000634
29900,54,4,0,0,92,3,0.000742
29900,54,4,1,0,91,1,0.000868
29900,54,5,1,0,90,3,0.001015
29900,54,4,1,0,89,1,0.001187
29900,54,4,2,0,88,2,0.001389
29900,54,4,1,0,87,1,0.001624
29900,54,5,1,0,86,1,0.0019
29900,54,6,1,0,85,0,0.002222
29900,54,6,0,0,84,0,0.002598
29900,54,5,0,0,83,3,0.003039
29900,54,5,1,0,82,3,0.003555
29900,54,5,2,0,81,3,0.004157
29900,54,5,3,0,80,1,0.004862
29900,54,5,3,0,79,1,0.005687
29900,54,6,3,0,78,1,0.006651
29900,54,7,3,0,77,1,0.007779
29900,54,8,3,0,76,3,0.009099
29900,54,8,4,0,75,0,0.010642
29900,54,7,4,0,74,1,0.012447
29900,54,8,4,0,73,1,0.014557
29900,54,9,4,0,72,1,0.017026
29900,54,10,4,0,71,3,0.019914
29900,54,11,4,0,70,0,0.023291
29900,54,10,4,0,69,3,0.027241
29900,54,10,5,0,68,1,0.031861
29900,54,10,6,0,67,2,0.037264
29900,54,10,5,0,66,1,0.043584
29900,54,11,5,0,65,3,0.050975
29900,54,11,6,0,64,3,0.05962
29900,54,11,7,0,63,1,0.069731
29900,54,12,7,0,62,0,0.081556
29900,54,11,7,0,61,1,0.095388
29900,54,11,8,0,60,1,0.111564
29900,54,12,8,0,59,3,0.130485
29900,54,12,9,0,58,3,0.152614
29900,54,12,10,1,57,2,0.178495
29900,54,12,9,1,56,1,0.208767
29900,54,13,9,1,55,2,0.244172
29900,54,13,8,1,54,0,0.285581
29900,54,12,8,1,53,0,0.334013
29900,54,11,8,1,52,1,0.390658
29900,54,11,7,1,51,3,0.45691
29900,54,11,8,1,50,3,0.534398
29900,54,10,8,1,49,3,0.625026
29900,54,9,8,1,43,1,0.731025
29900,54,9,7,1,42,3,0.855
29900,55,0,1,0,100,2,0.000181
29900,55,0,0,0,99,1,0.000212
29900,55,1,0,0,98,1,0.000248
29900,55,1,0,0,97,1,0.00029
29900,55,2,0,0,96,1,0.000339
29900,55,2,1,0,95,2,0.000397
29900,55,2,0,0,94,1,0.000464
29900,55,3,0,0,93,1,0.000542
29900,55,4,0,0,92,3,0.000634
29900,55,4,1,0,91,1,0.000742
29900,55,5,1,0,90,3,0.000868
29900,55,4,1,0,89,1,0.001015
29900,55,4,2,0,88,2,0.001187
29900,55,4,1,0,87,1,0.001389
29900,55,5,1,0,86,1,0.001624
29900,55,6,1,0,85,0,0.0019
29900,55,6,0,0,84,0,0.002222
29900,55,5,0,0,83,3,0.002598
29900,55,5,1,0,82,3,0.003039
29900,55,5,2,0,81,3,0.003555
29900,55,5,3,0,80,1,0.004157
29900,55,5,3,0,79,1,0.004862
29900,55,6,3,0,78,1,0.005687
29900,55,7,3,0,77,1,0.006651
29900,55,8,3,0,76,3,0.007779
29900,55,8,4,0,75,0,0.009099
29900,55,7,4,0,74,1,0.010642
29900,55,8,4,0,73,1,0.012447
29900,55,9,4,0,72,1,0.014557
29900,55,10,4,0,71,3,0.017026
29900,55,11,4,0,70,0,0.019914
29900,55,10,4,0,69,3,0.023291
29900,55,10,5,0,68,1,0.027241
29900,55,10,6,0,67,2,0.031861
29900,55,10,5,0,66,1,0.037264
29900,55,11,5,0,65,3,0.043584
29900,55,11,6,0,64,3,0.050975
29900,55,11,7,0,63,1,0.05962
29900,55,12,7,0,62,0,0.069731
29900,55,11,7,0,61,1,0.081556
29900,55,11,8,0,60,1,0.095388
29900,55,12,8,0,59,3,0.111564
29900,55,12,9,0,58,3,0.130485
29900,55,12,10,1,57,2,0.152614
29900,55,12,9,1,56,1,0.178495
29900,55,13,9,1,55,2,0.208767
29900,55,13,8,1,54,0,0.244172
29900,55,12,8,1,53,0,0.285581
29900,55,11,8,1,52,1,0.334013
29900,55,11,7,1,51,3,0.390658
29900,55,11,8,1,50,3,0.45691
29900,55,10,8,1,49,3,0.534398
29900,55,9,8,1,43,1,0.625026
29900,55,9,7,1,42,3,0.731025
29900,55,9,8,1,36,2,0.855
29900,56,0,1,0,100,2,0.000155
29900,56,0,0,0,99,1,0.000181
29900,56,1,0,0,98,1,0.000212
29900,56,1,0,0,97,1,0.000248
29900,56,2,0,0,96,1,0.00029
29900,56,2,1,0,95,2,0.000339
29900,56,2,0,0,94,1,0.000397
29900,56,3,0,0,93,1,0.000464
29900,56,4,0,0,92,3,0.000542
29900,56,4,1,0,91,1,0.000634
29900,56,5,1,0,90,3,0.000742
29900,56,4,1,0,89,1,0.000868
29900,56,4,2,0,88,2,0.001015
29900,56,4,1,0,87,1,0.001187
29900,56,5,1,0,86,1,0.001389
29900,56,6,1,0,85,0,0.001624
29900,56,6,0,0,84,0,0.0019
29900,56,5,0,0,83,3,0.002222
29900,56,5,1,0,82,3,0.002598
29900,56,5,2,0,81,3,0.003039
29900,56,5,3,0,80,1,0.003555
29900,56,5,3,0,79,1,0.004157
29900,56,6,3,0,78,1,0.004862
29900,56,7,3,0,77,1,0.005687
29900,56,8,3,0,76,3,0.006651
29900,56,8,4,0,75,0,0.007779
29900,56,7,4,0,74,1,0.009099
29900,56,8,4,0,73,1,0.010642
29900,56,9,4,0,72,1,0.012447
29900,56,10,4,0,71,3,0.014557
29900,56,11,4,0,70,0,0.017026
29900,56,10,4,0,69,3,0.019914
29900,56,10,5,0,68,1,0.023291
29900,56,10,6,0,67,2,0.027241
29900,56,10,5,0,66,1,0.031861
29900,56,11,5,0,65,3,0.037264
29900,56,11,6,0,64,3,0.043584
29900,56,11,7,0,63,1,0.050975
29900,56,12,7,0,62,0,0.05962
29900,56,11,7,0,61,1,0.069731
29900,56,11,8,0,60,1,0.081556
29900,56,12,8,0,59,3,0.095388
29900,56,12,9,0,58,3,0.111564
29900,56,12,10,1,57,2,0.130485
29900,56,12,9,1,56,1,0.152614
29900,56,13,9,1,55,2,0.178495
29900,56,13,8,1,54,0,0.208767
29900,56,12,8,1,53,0,0.244172
29900,56,11,8,1,52,1,0.285581
29900,56,11,7,1,51,3,0.334013
29900,56,11,8,1,50,3,0.390658
29900,56,10,8,1,49,3,0.45691
29900,56,9,8,1,43,1,0.534398
29900,56,9,7,1,42,3,0.625026
29900,56,9,8,1,36,2,0.731025
29900,56,9,7,1,35,0,0.855
29900,57,0,1,0,100,2,0.000132
29900,57,0,0,0,99,1,0.000155
29900,57,1,0,0,98,1,0.000181
29900,57,1,0,0,97,1,0.000212
29900,57,2,0,0,96,1,0.000248
29900,57,2,1,0,95,2,0.00029
29900,57,2,0,0,94,1,0.000339
29900,57,3,0,0,93,1,0.000397
29900,57,4,0,0,92,3,0.000464
29900,57,4,1,0,91,1,0.000542
29900,57,5,1,0,90,3,0.000634
29900,57,4,1,0,89,1,0.000742
29900,57,4,2,0,88,2,0.000868
29900,57,4,1,0,87,1,0.001015
29900,57,5,1,0,86,1,0.001187
29900,57,6,1,0,85,0,0.001389
29900,57,6,0,0,84,0,0.001624
29900,57,5,0,0,83,3,0.0019
29900,57,5,1,0,82,3,0.002222
29900,57,5,2,0,81,3,0.002598
29900,57,5,3,0,80,1,0.003039
29900,57,5,3,0,79,1,0.003555
29900,57,6,3,0,78,1,0.004157
29900,57,7,3,0,77,1,0.004862
29900,57,8,3,0,76,3,0.005687
29900,57,8,4,0,75,0,0.006651
29900,57,7,4,0,74,1,0.007779
29900,57,8,4,0,73,1,0.009099
29900,57,9,4,0,72,1,0.010642
29900,57,10,4,0,71,3,0.012447
29900,57,11,4,0,70,0,0.014557
29900,57,10,4,0,69,3,0.017026
29900,57,10,5,0,68,1,0.019914
29900,57,10,6,0,67,2,0.023291
29900,57,10,5,0,66,1,0.027241
29900,57,11,5,0,65,3,0.031861
29900,57,11,6,0,64,3,0.037264
29900,57,11,7,0,63,1,0.043584
29900,57,12,7,0,62,0,0.050975
29900,57,11,7,0,61,1,0.05962
29900,57,11,8,0,60,1,0.069731
29900,57,12,8,0,59,3,0.081556
29900,57,12,9,0,58,3,0.095388
29900,57,12,10,1,57,2,0.111564
29900,57,12,9,1,56,1,0.130485
29900,57,13,9,1,55,2,0.152614
29900,57,13,8,1,54,0,0.178495
29900,57,12,8,1,53,0,0.208767
29900,57,11,8,1,52,1,0.244172
29900,57,11,7,1,51,3,0.285581
29900,57,11,8,1,50,3,0.334013
29900,57,10,8,1,49,3,0.390658
29900,57,9,8,1,43,1,0.45691
29900,57,9,7,1,42,3,0.534398
29900,57,9,8,1,36,2,0.625026
29900,57,9,7,1,35,0,0.731025
29900,57,9,6,1,34,2,0.855
29900,58,0,1,0,100,2,0.000113
29900,58,0,0,0,99,1,0.000132
29900,58,1,0,0,98,1,0.000155
29900,58,1,0,0,97,1,0.000181
29900,58,2,0,0,96,1,0.000212
29900,58,2,1,0,95,2,0.000248
29900,58,2,0,0,94,1,0.00029
29900,58,3,0,0,93,1,0.000339
29900,58,4,0,0,92,3,0.000397
29900,58,4,1,0,91,1,0.000464
29900,58,5,1,0,90,3,0.000542
29900,58,4,1,0,89,1,0.000634
29900,58,4,2,0,88,2,0.000742
29900,58,4,1,0,87,1,0.000868
29900,58,5,1,0,86,1,0.001015
29900,58,6,1,0,85,0,0.001187
29900,58,6,0,0,84,0,0.001389
29900,58,5,0,0,83,3,0.001624
29900,58,5,1,0,82,3,0.0019
29900,58,5,2,0,81,3,0.002222
29900,58,5,3,0,80,1,0.002598
29900,58,5,3,0,79,1,0.003039
29900,58,6,3,0,78,1,0.003555
29900,58,7,3,0,77,1,0.004157
29900,58,8,3,0,76,3,0.004862
29900,58,8,4,0,75,0,0.005687
29900,58,7,4,0,74,1,0.006651
29900,58,8,4,0,73,1,0.007779
29900,58,9,4,0,72,1,0.009099
29900,58,10,4,0,71,3,0.010642
29900,58,11,4,0,70,0,0.012447
29900,58,10,4,0,69,3,0.014557
29900,58,10,5,0,68,1,0.017026
29900,58,10,6,0,67,2,0.019914
29900,58,10,5,0,66,1,0.023291
29900,58,11,5,0,65,3,0.027241
29900,58,11,6,0,64,3,0.031861
29900,58,11,7,0,63,1,0.037264
29900,58,12,7,0,62,0,0.043584
29900,58,11,7,0,61,1,0.050975
29900,58,11,8,0,60,1,0.05962
29900,58,12,8,0,59,3,0.069731
29900,58,12,9,0,58,3,0.081556
29900,58,12,10,1,57,2,0.095388
29900,58,12,9,1,56,1,0.111564
29900,58,13,9,1,55,2,0.130485
29900,58,13,8,1,54,0,0.152614
29900,58,12,8,1,53,0,0.178495
29900,58,11,8,1,52,1,0.208767
29900,58,11,7,1,51,3,0.244172
29900,58,11,8,1,50,3,0.285581
29900,58,10,8,1,49,3,0.334013
29900,58,9,8,1,43,1,0.390658
29900,58,9,7,1,42,3,0.45691
29900,58,9,8,1,36,2,0.534398
29900,58,9,7,1,35,0,0.625026
29900,58,9,6,1,34,2,0.731025
29900,58,9,6,1,33,2,0.855
29900,59,0,0,0,99,1,0.000113
29900,59,1,0,0,98,1,0.000132
29900,59,1,0,0,97,1,0.000155
29900,59,2,0,0,96,1,0.000181
29900,59,2,1,0,95,2,0.000212
29900,59,2,0,0,94,1,0.000248
29900,59,3,0,0,93,1,0.00029
29900,59,4,0,0,92,3,0.000339
29900,59,4,1,0,91,1,0.000397
29900,59,5,1,0,90,3,0.000464
29900,59,4,1,0,89,1,0.000542
29900,59,4,2,0,88,2,0.000634
29900,59,4,1,0,87,1,0.000742
29900,59,5,1,0,86,1,0.000868
29900,59,6,1,0,85,0,0.001015
29900,59,6,0,0,84,0,0.001187
29900,59,5,0,0,83,3,0.001389
29900,59,5,1,0,82,3,0.001624
29900,59,5,2,0,81,3,0.0019
29900,59,5,3,0,80,1,0.002222
29900,59,5,3,0,79,1,0.002598
29900,59,6,3,0,78,1,0.003039
29900,59,7,3,0,77,1,0.003555
29900,59,8,3,0,76,3,0.004157
29900,59,8,4,0,75,0,0.004862
29900,59,7,4,0,74,1,0.005687
29900,59,8,4,0,73,1,0.006651
29900,59,9,4,0,72,1,0.007779
29900,59,10,4,0,71,3,0.009099
29900,59,11,4,0,70,0,0.010642
29900,59,10,4,0,69,3,0.012447
29900,59,10,5,0,68,1,0.014557
29900,59,10,6,0,67,2,0.017026
29900,59,10,5,0,66,1,0.019914
29900,59,11,5,0,65,3,0.023291
29900,59,11,6,0,64,3,0.027241
29900,59,11,7,0,63,1,0.031861
29900,59,12,7,0,62,0,0.037264
29900,59,11,7,0,61,1,0.043584
29900,59,11,8,0,60,1,0.050975
29900,59,12,8,0,59,3,0.05962
29900,59,12,9,0,58,3,0.069731
29900,59,12,10,1,57,2,0.081556
29900,59,12,9,1,56,1,0.095388
29900,59,13,9,1,55,2,0.111564
29900,59,13,8,1,54,0,0.130485
29900,59,12,8,1,53,0,0.152614
29900,59,11,8,1,52,1,0.178495
29900,59,11,7,1,51,3,0.208767
29900,59,11,8,1,50,3,0.244172
29900,59,10,8,1,49,3,0.285581
29900,59,9,8,1,43,1,0.334013
29900,59,9,7,1,42,3,0.390658
29900,59,9,8,1,36,2,0.45691
29900,59,9,7,1,35,0,0.534398
29900,59,9,6,1,34,2,0.625026
29900,59,9,6,1,33,2,0.731025
29900,59,9,6,1,32,2,0.855
29900,60,1,0,0,98,1,0.000113
29900,60,1,0,0,97,1,0.000132
29900,60,2,0,0,96,1,0.000155
29900,60,2,1,0,95,2,0.000181
29900,60,2,0,0,94,1,0.000212
29900,60,3,0,0,93,1,0.000248
29900,60,4,0,0,92,3,0.00029
29900,60,4,1,0,91,1,0.000339
29900,60,5,1,0,90,3,0.000397
29900,60,4,1,0,89,1,0.000464
29900,60,4,2,0,88,2,0.000542
29900,60,4,1,0,87,1,0.000634
29900,60,5,1,0,86,1,0.000742
29900,60,6,1,0,85,0,0.000868
29900,60,6,0,0,84,0,0.001015
29900,60,5,0,0,83,3,0.001187
29900,60,5,1,0,82,3,0.001389
29900,60,5,2,0,81,3,0.001624
29900,60,5,3,0,80,1,0.0019
29900,60,5,3,0,79,1,0.002222
29900,60,6,3,0,78,1,0.002598
29900,60,7,3,0,77,1,0.003039
29900,60,8,3,0,76,3,0.003555
29900,60,8,4,0,75,0,0.004157
29900,60,7,4,0,74,1,0.004862
29900,60,8,4,0,73,1,0.005687
29900,60,9,4,0,72,1,0.006651
29900,60,10,4,0,71,3,0.007779
29900,60,11,4,0,70,0,0.009099
29900,60,10,4,0,69,3,0.010642
29900,60,10,5,0,68,1,0.012447
29900,60,10,6,0,67,2,0.014557
29900,60,10,5,0,66,1,0.017026
29900,60,11,5,0,65,3,0.019914
29900,60,11,6,0,64,3,0.023291
29900,60,11,7,0,63,1,0.027241
29900,60,12,7,0,62,0,0.031861
29900,60,11,7,0,61,1,0.037264
29900,60,11,8,0,60,1,0.043584
29900,60,12,8,0,59,3,0.050975
29900,60,12,9,0,58,3,0.05962
29900,60,12,10,1,57,2,0.069731
29900,60,12,9,1,56,1,0.081556
29900,60,13,9,1,55,2,0.095388
29900,60,13,8,1,54,0,0.111564
29900,60,12,8,1,53,0,0.130485
29900,60,11,8,1,52,1,0.152614
29900,60,11,7,1,51,3,0.178495
29900,60,11,8,1,50,3,0.208767
29900,60,10,8,1,49,3,0.244172
29900,60,9,8,1,43,1,0.285581
29900,60,9,7,1,42,3,0.334013
29900,60,9,8,1,36,2,0.390658
29900,60,9,7,1,35,0,0.45691
29900,60,9,6,1,34,2,0.534398
29900,60,9,6,1,33,2,0.625026
29900,60,9,6,1,32,2,0.731025
29900,60,9,6,1,31,0,0.855
29900,61,1,0,0,97,1,0.000113
29900,61,2,0,0,96,1,0.000132
29900,61,2,1,0,95,2,0.000155
29900,61,2,0,0,94,1,0.000181
29900,61,3,0,0,93,1,0.000212
29900,61,4,0,0,92,3,0.000248
29900,61,4,1,0,91,1,0.00029
29900,61,5,1,0,90,3,0.000339
29900,61,4,1,0,89,1,0.000397
29900,61,4,2,0,88,2,0.000464
29900,61,4,1,0,87,1,0.000542
29900,61,5,1,0,86,1,0.000634
29900,61,6,1,0,85,0,0.000742
29900,61,6,0,0,84,0,0.000868
29900,61,5,0,0,83,3,0.001015
29900,61,5,1,0,82,3,0.001187
29900,61,5,2,0,81,3,0.001389
29900,61,5,3,0,80,1,0.001624
29900,61,5,3,0,79,1,0.0019
29900,61,6,3,0,78,1,0.002222
29900,61,7,3,0,77,1,0.002598
29900,61,8,3,0,76,3,0.003039
29900,61,8,4,0,75,0,0.003555
29900,61,7,4,0,74,1,0.004157
29900,61,8,4,0,73,1,0.004862
29900,61,9,4,0,72,1,0.005687
29900,61,10,4,0,71,3,0.006651
29900,61,11,4,0,70,0,0.007779
29900,61,10,4,0,69,3,0.009099
29900,61,10,5,0,68,1,0.010642
29900,61,10,6,0,67,2,0.012447
29900,61,10,5,0,66,1,0.014557
29900,61,11,5,0,65,3,0.017026
29900,61,11,6,0,64,3,0.019914
29900,61,11,7,0,63,1,0.023291
29900,61,12,7,0,62,0,0.027241
29900,61,11,7,0,61,1,0.031861
29900,61,11,8,0,60,1,0.037264
29900,61,12,8,0,59,3,0.043584
29900,61,12,9,0,58,3,0.050975
29900,61,12,10,1,57,2,0.05962
29900,61,12,9,1,56,1,0.069731
29900,61,13,9,1,55,2,0.081556
29900,61,13,8,1,54,0,0.095388
29900,61,12,8,1,53,0,0.111564
29900,61,11,8,1,52,1,0.130485
29900,61,11,7,1,51,3,0.152614
29900,61,11,8,1,50,3,0.178495
29900,61,10,8,1,49,3,0.208767
29900,61,9,8,1,43,1,0.244172
29900,61,9,7,1,42,3,0.285581
29900,61,9,8,1,36,2,0.334013
29900,61,9,7,1,35,0,0.390658
29900,61,9,6,1,34,2,0.45691
29900,61,9,6,1,33,2,0.534398
29900,61,9,6,1,32,2,0.625026
29900,61,9,6,1,31,0,0.731025
29900,61,8,6,1,30,2,0.855
29900,62,2,0,0,96,1,0.000113
29900,62,2,1,0,95,2,0.000132
29900,62,2,0,0,94,1,0.000155
29900,62,3,0,0,93,1,0.000181
29900,62,4,0,0,92,3,0.000212
29900,62,4,1,0,91,1,0.000248
29900,62,5,1,0,90,3,0.00029
29900,62,4,1,0,89,1,0.000339
29900,62,4,2,0,88,2,0.000397
29900,62,4,1,0,87,1,0.000464
29900,62,5,1,0,86,1,0.000542
29900,62,6,1,0,85,0,0.000634
29900,62,6,0,0,84,0,0.000742
29900,62,5,0,0,83,3,0.000868
29900,62,5,1,0,82,3,0.001015
29900,62,5,2,0,81,3,0.001187
29900,62,5,3,0,80,1,0.001389
29900,62,5,3,0,79,1,0.001624
29900,62,6,3,0,78,1,0.0019
29900,62,7,3,0,77,1,0.002222
29900,62,8,3,0,76,3,0.002598
29900,62,8,4,0,75,0,0.003039
29900,62,7,4,0,74,1,0.003555
29900,62,8,4,0,73,1,0.004157
29900,62,9,4,0,72,1,0.004862
29900,62,10,4,0,71,3,0.005687
29900,62,11,4,0,70,0,0.006651
29900,62,10,4,0,69,3,0.007779
29900,62,10,5,0,68,1,0.009099
29900,62,10,6,0,67,2,0.010642
29900,62,10,5,0,66,1,0.012447
29900,62,11,5,0,65,3,0.014557
29900,62,11,6,0,64,3,0.017026
29900,62,11,7,0,63,1,0.019914
29900,62,12,7,0,62,0,0.023291
29900,62,11,7,0,61,1,0.027241
29900,62,11,8,0,60,1,0.031861
29900,62,12,8,0,59,3,0.037264
29900,62,12,9,0,58,3,0.043584
29900,62,12,10,1,57,2,0.050975
29900,62,12,9,1,56,1,0.05962
29900,62,13,9,1,55,2,0.069731
29900,62,13,8,1,54,0,0.081556
29900,62,12,8,1,53,0,0.095388
29900,62,11,8,1,52,1,0.111564
29900,62,11,7,1,51,3,0.130485
29900,62,11,8,1,50,3,0.152614
29900,62,10,8,1,49,3,0.178495
29900,62,9,8,1,43,1,0.208767
29900,62,9,7,1,42,3,0.244172
29900,62,9,8,1,36,2,0.285581
29900,62,9,7,1,35,0,0.334013
29900,62,9,6,1,34,2,0.390658
29900,62,9,6,1,33,2,0.45691
29900,62,9,6,1,32,2,0.534398
29900,62,9,6,1,31,0,0.625026
29900,62,8,6,1,30,2,0.731025
29900,62,8,6,1,29,2,0.855
29900,63,2,1,0,95,2,0.000113
29900,63,2,0,0,94,1,0.000132
29900,63,3,0,0,93,1,0.000155
29900,63,4,0,0,92,3,0.000181
29900,63,4,1,0,91,1,0.000212
29900,63,5,1,0,90,3,0.000248
29900,63,4,1,0,89,1,0.00029
29900,63,4,2,0,88,2,0.000339
29900,63,4,1,0,87,1,0.000397
29900,63,5,1,0,86,1,0.000464
29900,63,6,1,0,85,0,0.000542
29900,63,6,0,0,84,0,0.000634
29900,63,5,0,0,83,3,0.000742
29900,63,5,1,0,82,3,0.000868
29900,63,5,2,0,81,3,0.001015
29900,63,5,3,0,80,1,0.001187
29900,63,5,3,0,79,1,0.001389
29900,63,6,3,0,78,1,0.001624
29900,63,7,3,0,77,1,0.0019
29900,63,8,3,0,76,3,0.002222
29900,63,8,4,0,75,0,0.002598
29900,63,7,4,0,74,1,0.003039
29900,63,8,4,0,73,1,0.003555
29900,63,9,4,0,72,1,0.004157
29900,63,10,4,0,71,3,0.004862
29900,63,11,4,0,70,0,0.005687
29900,63,10,4,0,69,3,0.006651
29900,63,10,5,0,68,1,0.007779
29900,63,10,6,0,67,2,0.009099
29900,63,10,5,0,66,1,0.010642
29900,63,11,5,0,65,3,0.012447
29900,63,11,6,0,64,3,0.014557
29900,63,11,7,0,63,1,0.017026
29900,63,12,7,0,62,0,0.019914
29900,63,11,7,0,61,1,0.023291
29900,63,11,8,0,60,1,0.027241
29900,63,12,8,0,59,3,0.031861
29900,63,12,9,0,58,3,0.037264
29900,63,12,10,1,57,2,0.043584
29900,63,12,9,1,56,1,0.050975
29900,63,13,9,1,55,2,0.05962
29900,63,13,8,1,54,0,0.069731
29900,63,12,8,1,53,0,0.081556
29900,63,11,8,1,52,1,0.095388
29900,63,11,7,1,51,3,0.111564
29900,63,11,8,1,50,3,0.130485
29900,63,10,8,1,49,3,0.152614
29900,63,9,8,1,43,1,0.178495
29900,63,9,7,1,42,3,0.208767
29900,63,9,8,1,36,2,0.244172
29900,63,9,7,1,35,0,0.285581
29900,63,9,6,1,34,2,0.334013
29900,63,9,6,1,33,2,0.390658
29900,63,9,6,1,32,2,0.45691
29900,63,9,6,1,31,0,0.534398
29900,63,8,6,1,30,2,0.625026
29900,63,8,6,1,29,2,0.731025
29900,63,9,6,1,28,0,0.855
29900,64,2,0,0,94,1,0.000113
29900,64,3,0,0,93,1,0.000132
29900,64,4,0,0,92,3,0.000155
29900,64,4,1,0,91,1,0.000181
29900,64,5,1,0,90,3,0.000212
29900,64,4,1,0,89,1,0.000248
29900,64,4,2,0,88,2,0.00029
29900,64,4,1,0,87,1,0.000339
29900,64,5,1,0,86,1,0.000397
29900,64,6,1,0,85,0,0.000464
29900,64,6,0,0,84,0,0.000542
29900,64,5,0,0,83,3,0.000634
29900,64,5,1,0,82,3,0.000742
29900,64,5,2,0,81,3,0.000868
29900,64,5,3,0,80,1,0.001015
29900,64,5,3,0,79,1,0.001187
29900,64,6,3,0,78,1,0.001389
29900,64,7,3,0,77,1,0.001624
29900,64,8,3,0,76,3,0.0019
29900,64,8,4,0,75,0,0.002222
29900,64,7,4,0,74,1,0.002598
29900,64,8,4,0,73,1,0.003039
29900,64,9,4,0,72,1,0.003555
29900,64,10,4,0,71,3,0.004157
29900,64,11,4,0,70,0,0.004862
29900,64,10,4,0,69,3,0.005687
29900,64,10,5,0,68,1,0.006651
29900,64,10,6,0,67,2,0.007779
29900,64,10,5,0,66,1,0.009099
29900,64,11,5,0,65,3,0.010642
29900,64,11,6,0,64,3,0.012447
29900,64,11,7,0,63,1,0.014557
29900,64,12,7,0,62,0,0.017026
29900,64,11,7,0,61,1,0.019914
29900,64,11,8,0,60,1,0.023291
29900,64,12,8,0,59,3,0.027241
29900,64,12,9,0,58,3,0.031861
29900,64,12,10,1,57,2,0.037264
29900,64,12,9,1,56,1,0.043584
29900,64,13,9,1,55,2,0.050975
29900,64,13,8,1,54,0,0.05962
29900,64,12,8,1,53,0,0.069731
29900,64,11,8,1,52,1,0.081556
29900,64,11,7,1,51,3,0.095388
29900,64,11,8,1,50,3,0.111564
29900,64,10,8,1,49,3,0.130485
29900,64,9,8,1,43,1,0.152614
29900,64,9,7,1,42,3,0.178495
29900,64,9,8,1,36,2,0.208767
29900,64,9,7,1,35,0,0.244172
29900,64,9,6,1,34,2,0.285581
29900,64,9,6,1,33,2,0.334013
29900,64,9,6,1,32,2,0.390658
29900,64,9,6,1,31,0,0.45691
29900,64,8,6,1,30,2,0.534398
29900,64,8,6,1,29,2,0.625026
29900,64,9,6,1,28,0,0.731025
29900,64,9,6,1,27,2,0.855
29900,65,3,0,0,93,1,0.000113
29900,65,4,0,0,92,3,0.000132
29900,65,4,1,0,91,1,0.000155
29900,65,5,1,0,90,3,0.000181
29900,65,4,1,0,89,1,0.000212
29900,65,4,2,0,88,2,0.000248
29900,65,4,1,0,87,1,0.00029
29900,65,5,1,0,86,1,0.000339
29900,65,6,1,0,85,0,0.000397
29900,65,6,0,0,84,0,0.000464
29900,65,5,0,0,83,3,0.000542
29900,65,5,1,0,82,3,0.000634
29900,65,5,2,0,81,3,0.000742
29900,65,5,3,0,80,1,0.000868
29900,65,5,3,0,79,1,0.001015
29900,65,6,3,0,78,1,0.001187
29900,65,7,3,0,77,1,0.001389
29900,65,8,3,0,76,3,0.001624
29900,65,8,4,0,75,0,0.0019
29900,65,7,4,0,74,1,0.002222
29900,65,8,4,0,73,1,0.002598
29900,65,9,4,0,72,1,0.003039
29900,65,10,4,0,71,3,0.003555
29900,65,11,4,0,70,0,0.004157
29900,65,10,4,0,69,3,0.004862
29900,65,10,5,0,68,1,0.005687
29900,65,10,6,0,67,2,0.006651
29900,65,10,5,0,66,1,0.007779
29900,65,11,5,0,65,3,0.009099
29900,65,11,6,0,64,3,0.010642
29900,65,11,7,0,63,1,0.012447
29900,65,12,7,0,62,0,0.014557
29900,65,11,7,0,61,1,0.017026
29900,65,11,8,0,60,1,0.019914
29900,65,12,8,0,59,3,0.023291
29900,65,12,9,0,58,3,0.027241
29900,65,12,10,1,57,2,0.031861
29900,65,12,9,1,56,1,0.037264
29900,65,13,9,1,55,2,0.043584
29900,65,13,8,1,54,0,0.050975
29900,65,12,8,1,53,0,0.05962
29900,65,11,8,1,52,1,0.069731
29900,65,11,7,1,51,3,0.081556
29900,65,11,8,1,50,3,0.095388
29900,65,10,8,1,49,3,0.111564
29900,65,9,8,1,43,1,0.130485
29900,65,9,7,1,42,3,0.152614
29900,65,9,8,1,36,2,0.178495
29900,65,9,7,1,35,0,0.208767
29900,65,9,6,1,34,2,0.244172
29900,65,9,6,1,33,2,0.285581
29900,65,9,6,1,32,2,0.334013
29900,65,9,6,1,31,0,0.390658
29900,65,8,6,1,30,2,0.45691
29900,65,8,6,1,29,2,0.534398
29900,65,9,6,1,28,0,0.625026
29900,65,9,6,1,27,2,0.731025
29900,65,9,6,1,26,2,0.855
29900,66,4,0,0,92,3,0.000113
29900,66,4,1,0,91,1,0.000132
29900,66,5,1,0,90,3,0.000155
29900,66,4,1,0,89,1,0.000181
29900,66,4,2,0,88,2,0.000212
29900,66,4,1,0,87,1,0.000248
29900,66,5,1,0,86,1,0.00029
29900,66,6,1,0,85,0,0.000339
29900,66,6,0,0,84,0,0.000397
29900,66,5,0,0,83,3,0.000464
29900,66,5,1,0,82,3,0.000542
29900,66,5,2,0,81,3,0.000634
29900,66,5,3,0,80,1,0.000742
29900,66,5,3,0,79,1,0.000868
29900,66,6,3,0,78,1,0.001015
29900,66,7,3,0,77,1,0.001187
29900,66,8,3,0,76,3,0.001389
29900,66,8,4,0,75,0,0.001624
29900,66,7,4,0,74,1,0.0019
29900,66,8,4,0,73,1,0.002222
29900,66,9,4,0,72,1,0.002598
29900,66,10,4,0,71,3,0.003039
29900,66,11,4,0,70,0,0.003555
29900,66,10,4,0,69,3,0.004157
29900,66,10,5,0,68,1,0.004862
29900,66,10,6,0,67,2,0.005687
29900,66,10,5,0,66,1,0.006651
29900,66,11,5,0,65,3,0.007779
29900,66,11,6,0,64,3,0.009099
29900,66,11,7,0,63,1,0.010642
29900,66,12,7,0,62,0,0.012447
29900,66,11,7,0,61,1,0.014557
29900,66,11,8,0,60,1,0.017026
29900,66,12,8,0,59,3,0.019914
29900,66,12,9,0,58,3,0.023291
29900,66,12,10,1,57,2,0.027241
29900,66,12,9,1,56,1,0.031861
29900,66,13,9,1,55,2,0.037264
29900,66,13,8,1,54,0,0.043584
29900,66,12,8,1,53,0,0.050975
29900,66,11,8,1,52,1,0.05962
29900,66,11,7,1,51,3,0.069731
29900,66,11,8,1,50,3,0.081556
29900,66,10,8,1,49,3,0.095388
29900,66,9,8,1,43,1,0.111564
29900,66,9,7,1,42,3,0.130485
29900,66,9,8,1,36,2,0.152614
29900,66,9,7,1,35,0,0.178495
29900,66,9,6,1,34,2,0.208767
29900,66,9,6,1,33,2,0.244172
29900,66,9,6,1,32,2,0.285581
29900,66,9,6,1,31,0,0.334013
29900,66,8,6,1,30,2,0.390658
29900,66,8,6,1,29,2,0.45691
29900,66,9,6,1,28,0,0.534398
29900,66,9,6,1,27,2,0.625026
29900,66,9,6,1,26,2,0.731025
29900,66,9,6,1,25,3,0.855
29900,67,4,1,0,91,1,0.000113
29900,67,5,1,0,90,3,0.000132
29900,67,4,1,0,89,1,0.000155
29900,67,4,2,0,88,2,0.000181
29900,67,4,1,0,87,1,0.000212
29900,67,5,1,0,86,1,0.000248
29900,67,6,1,0,85,0,0.00029
29900,67,6,0,0,84,0,0.000339
29900,67,5,0,0,83,3,0.000397
29900,67,5,1,0,82,3,0.000464
29900,67,5,2,0,81,3,0.000542
29900,67,5,3,0,80,1,0.000634
29900,67,5,3,0,79,1,0.000742
29900,67,6,3,0,78,1,0.000868
29900,67,7,3,0,77,1,0.001015
29900,67,8,3,0,76,3,0.001187
29900,67,8,4,0,75,0,0.001389
29900,67,7,4,0,74,1,0.001624
29900,67,8,4,0,73,1,0.0019
29900,67,9,4,0,72,1,0.002222
29900,67,10,4,0,71,3,0.002598
29900,67,11,4,0,70,0,0.003039
29900,67,10,4,0,69,3,0.003555
29900,67,10,5,0,68,1,0.004157
29900,67,10,6,0,67,2,0.004862
29900,67,10,5,0,66,1,0.005687
29900,67,11,5,0,65,3,0.006651
29900,67,11,6,0,64,3,0.007779
29900,67,11,7,0,63,1,0.009099
29900,67,12,7,0,62,0,0.010642
29900,67,11,7,0,61,1,0.012447
29900,67,11,8,0,60,1,0.014557
29900,67,12,8,0,59,3,0.017026
29900,67,12,9,0,58,3,0.019914
29900,67,12,10,1,57,2,0.023291
29900,67,12,9,1,56,1,0.027241
29900,67,13,9,1,55,2,0.031861
29900,67,13,8,1,54,0,0.037264
29900,67,12,8,1,53,0,0.043584
29900,67,11,8,1,52,1,0.050975
29900,67,11,7,1,51,3,0.05962
29900,67,11,8,1,50,3,0.069731
29900,67,10,8,1,49,3,0.081556
29900,67,9,8,1,43,1,0.095388
29900,67,9,7,1,42,3,0.111564
29900,67,9,8,1,36,2,0.130485
29900,67,9,7,1,35,0,0.152614
29900,67,9,6,1,34,2,0.178495
29900,67,9,6,1,33,2,0.208767
29900,67,9,6,1,32,2,0.244172
29900,67,9,6,1,31,0,0.285581
29900,67,8,6,1,30,2,0.334013
29900,67,8,6,1,29,2,0.390658
29900,67,9,6,1,28,0,0.45691
29900,67,9,6,1,27,2,0.534398
29900,67,9,6,1,26,2,0.625026
29900,67,9,6,1,25,3,0.731025
29900,67,9,7,1,24,2,0.855
29900,68,5,1,0,90,3,0.000113
29900,68,4,1,0,89,1,0.000132
29900,68,4,2,0,88,2,0.000155
29900,68,4,1,0,87,1,0.000181
29900,68,5,1,0,86,1,0.000212
29900,68,6,1,0,85,0,0.000248
29900,68,6,0,0,84,0,0.00029
29900,68,5,0,0,83,3,0.000339
29900,68,5,1,0,82,3,0.000397
29900,68,5,2,0,81,3,0.000464
29900,68,5,3,0,80,1,0.000542
29900,68,5,3,0,79,1,0.000634
29900,68,6,3,0,78,1,0.000742
29900,68,7,3,0,77,1,0.000868
29900,68,8,3,0,76,3,0.001015
29900,68,8,4,0,75,0,0.001187
29900,68,7,4,0,74,1,0.001389
29900,68,8,4,0,73,1,0.001624
29900,68,9,4,0,72,1,0.0019
29900,68,10,4,0,71,3,0.002222
29900,68,11,4,0,70,0,0.002598
29900,68,10,4,0,69,3,0.003039
29900,68,10,5,0,68,1,0.003555
29900,68,10,6,0,67,2,0.004157
29900,68,10,5,0,66,1,0.004862
29900,68,11,5,0,65,3,0.005687
29900,68,11,6,0,64,3,0.006651
29900,68,11,7,0,63,1,0.007779
29900,68,12,7,0,62,0,0.009099
29900,68,11,7,0,61,1,0.010642
29900,68,11,8,0,60,1,0.012447
29900,68,12,8,0,59,3,0.014557
29900,68,12,9,0,58,3,0.017026
29900,68,12,10,1,57,2,0.019914
29900,68,12,9,1,56,1,0.023291
29900,68,13,9,1,55,2,0.027241
29900,68,13,8,1,54,0,0.031861
29900,68,12,8,1,53,0,0.037264
29900,68,11,8,1,52,1,0.043584
29900,68,11,7,1,51,3,0.050975
29900,68,11,8,1,50,3,0.05962
29900,68,10,8,1,49,3,0.069731
29900,68,9,8,1,43,1,0.081556
29900,68,9,7,1,42,3,0.095388
29900,68,9,8,1,36,2,0.111564
29900,68,9,7,1,35,0,0.130485
29900,68,9,6,1,34,2,0.152614
29900,68,9,6,1,33,2,0.178495
29900,68,9,6,1,32,2,0.208767
29900,68,9,6,1,31,0,0.244172
29900,68,8,6,1,30,2,0.285581
29900,68,8,6,1,29,2,0.334013
29900,68,9,6,1,28,0,0.390658
29900,68,9,6,1,27,2,0.45691
29900,68,9,6,1,26,2,0.534398
29900,68,9,6,1,25,3,0.625026
29900,68,9,7,1,24,2,0.731025
29900,68,9,6,1,23,2,0.855
29900,69,4,1,0,89,1,0.000113
29900,69,4,2,0,88,2,0.000132
29900,69,4,1,0,87,1,0.000155
29900,69,5,1,0,86,1,0.000181
29900,69,6,1,0,85,0,0.000212
29900,69,6,0,0,84,0,0.000248
29900,69,5,0,0,83,3,0.00029
29900,69,5,1,0,82,3,0.000339
29900,69,5,2,0,81,3,0.000397
29900,69,5,3,0,80,1,0.000464
29900,69,5,3,0,79,1,0.000542
29900,69,6,3,0,78,1,0.000634
29900,69,7,3,0,77,1,0.000742
29900,69,8,3,0,76,3,0.000868
29900,69,8,4,0,75,0,0.001015
29900,69,7,4,0,74,1,0.001187
29900,69,8,4,0,73,1,0.001389
29900,69,9,4,0,72,1,0.001624
29900,69,10,4,0,71,3,0.0019
29900,69,11,4,0,70,0,0.002222
29900,69,10,4,0,69,3,0.002598
29900,69,10,5,0,68,1,0.003039
29900,69,10,6,0,67,2,0.003555
29900,69,10,5,0,66,1,0.004157
29900,69,11,5,0,65,3,0.004862
29900,69,11,6,0,64,3,0.005687
29900,69,11,7,0,63,1,0.006651
29900,69,12,7,0,62,0,0.007779
29900,69,11,7,0,61,1,0.009099
29900,69,11,8,0,60,1,0.010642
29900,69,12,8,0,59,3,0.012447
29900,69,12,9,0,58,3,0.014557
29900,69,12,10,1,57,2,0.017026
29900,69,12,9,1,56,1,0.019914
29900,69,13,9,1,55,2,0.023291
29900,69,13,8,1,54,0,0.027241
29900,69,12,8,1,53,0,0.031861
29900,69,11,8,1,52,1,0.037264
29900,69,11,7,1,51,3,0.043584
29900,69,11,8,1,50,3,0.050975
29900,69,10,8,1,49,3,0.05962
29900,69,9,8,1,43,1,0.069731
29900,69,9,7,1,42,3,0.081556
29900,69,9,8,1,36,2,0.095388
29900,69,9,7,1,35,0,0.111564
29900,69,9,6,1,34,2,0.130485
29900,69,9,6,1,33,2,0.152614
29900,69,9,6,1,32,2,0.178495
29900,69,9,6,1,31,0,0.208767
29900,69,8,6,1,30,2,0.244172
29900,69,8,6,1,29,2,0.285581
29900,69,9,6,1,28,0,0.334013
29900,69,9,6,1,27,2,0.390658
29900,69,9,6,1,26,2,0.45691
29900,69,9,6,1,25,3,0.534398
29900,69,9,7,1,24,2,0.625026
29900,69,9,6,1,23,2,0.731025
29900,69,9,6,1,22,0,0.855
29900,70,4,2,0,88,2,0.000113
29900,70,4,1,0,87,1,0.000132
29900,70,5,1,0,86,1,0.000155
29900,70,6,1,0,85,0,0.000181
29900,70,6,0,0,84,0,0.000212
29900,70,5,0,0,83,3,0.000248
29900,70,5,1,0,82,3,0.00029
29900,70,5,2,0,81,3,0.000339
29900,70,5,3,0,80,1,0.000397
29900,70,5,3,0,79,1,0.000464
29900,70,6,3,0,78,1,0.000542
29900,70,7,3,0,77,1,0.000634
29900,70,8,3,0,76,3,0.000742
29900,70,8,4,0,75,0,0.000868
29900,70,7,4,0,74,1,0.001015
29900,70,8,4,0,73,1,0.001187
29900,70,9,4,0,72,1,0.001389
29900,70,10,4,0,71,3,0.001624
29900,70,11,4,0,70,0,0.0019
29900,70,10,4,0,69,3,0.002222
29900,70,10,5,0,68,1,0.002598
29900,70,10,6,0,67,2,0.003039
29900,70,10,5,0,66,1,0.003555
29900,70,11,5,0,65,3,0.004157
29900,70,11,6,0,64,3,0.004862
29900,70,11,7,0,63,1,0.005687
29900,70,12,7,0,62,0,0.006651
29900,70,11,7,0,61,1,0.007779
29900,70,11,8,0,60,1,0.009099
29900,70,12,8,0,59,3,0.010642
29900,70,12,9,0,58,3,0.012447
29900,70,12,10,1,57,2,0.014557
29900,70,12,9,1,56,1,0.017026
29900,70,13,9,1,55,2,0.019914
29900,70,13,8,1,54,0,0.023291
29900,70,12,8,1,53,0,0.027241
29900,70,11,8,1,52,1,0.031861
29900,70,11,7,1,51,3,0.037264
29900,70,11,8,1,50,3,0.043584
29900,70,10,8,1,49,3,0.050975
29900,70,9,8,1,43,1,0.05962
29900,70,9,7,1,42,3,0.069731
29900,70,9,8,1,36,2,0.081556
29900,70,9,7,1,35,0,0.095388
29900,70,9,6,1,34,2,0.111564
29900,70,9,6,1,33,2,0.130485
29900,70,9,6,1,32,2,0.152614
29900,70,9,6,1,31,0,0.178495
29900,70,8,6,1,30,2,0.208767
29900,70,8,6,1,29,2,0.244172
29900,70,9,6,1,28,0,0.285581
29900,70,9,6,1,27,2,0.334013
29900,70,9,6,1,26,2,0.390658
29900,70,9,6,1,25,3,0.45691
29900,70,9,7,1,24,2,0.534398
29900,70,9,6,1,23,2,0.625026
29900,70,9,6,1,22,0,0.731025
29900,70,8,6,1,21,1,0.855
29900,71,4,1,0,87,1,0.000113
29900,71,5,1,0,86,1,0.000132
29900,71,6,1,0,85,0,0.000155
29900,71,6,0,0,84,0,0.000181
29900,71,5,0,0,83,3,0.000212
29900,71,5,1,0,82,3,0.000248
29900,71,5,2,0,81,3,0.00029
29900,71,5,3,0,80,1,0.000339
29900,71,5,3,0,79,1,0.000397
29900,71,6,3,0,78,1,0.000464
29900,71,7,3,0,77,1,0.000542
29900,71,8,3,0,76,3,0.000634
29900,71,8,4,0,75,0,0.000742
29900,71,7,4,0,74,1,0.000868
29900,71,8,4,0,73,1,0.001015
29900,71,9,4,0,72,1,0.001187
29900,71,10,4,0,71,3,0.001389
29900,71,11,4,0,70,0,0.001624
29900,71,10,4,0,69,3,0.0019
29900,71,10,5,0,68,1,0.002222
29900,71,10,6,0,67,2,0.002598
29900,71,10,5,0,66,1,0.003039
29900,71,11,5,0,65,3,0.003555
29900,71,11,6,0,64,3,0.004157
29900,71,11,7,0,63,1,0.004862
29900,71,12,7,0,62,0,0.005687
29900,71,11,7,0,61,1,0.006651
29900,71,11,8,0,60,1,0.007779
29900,71,12,8,0,59,3,0.009099
29900,71,12,9,0,58,3,0.010642
29900,71,12,10,1,57,2,0.012447
29900,71,12,9,1,56,1,0.014557
29900,71,13,9,1,55,2,0.017026
29900,71,13,8,1,54,0,0.019914
29900,71,12,8,1,53,0,0.023291
29900,71,11,8,1,52,1,0.027241
29900,71,11,7,1,51,3,0.031861
29900,71,11,8,1,50,3,0.037264
29900,71,10,8,1,49,3,0.043584
29900,71,9,8,1,43,1,0.050975
29900,71,9,7,1,42,3,0.05962
29900,71,9,8,1,36,2,0.069731
29900,71,9,7,1,35,0,0.081556
29900,71,9,6,1,34,2,0.095388
29900,71,9,6,1,33,2,0.111564
29900,71,9,6,1,32,2,0.130485
29900,71,9,6,1,31,0,0.152614
29900,71,8,6,1,30,2,0.178495
29900,71,8,6,1,29,2,0.208767
29900,71,9,6,1,28,0,0.244172
29900,71,9,6,1,27,2,0.285581
29900,71,9,6,1,26,2,0.334013
29900,71,9,6,1,25,3,0.390658
29900,71,9,7,1,24,2,0.45691
29900,71,9,6,1,23,2,0.534398
29900,71,9,6,1,22,0,0.625026
29900,71,8,6,1,21,1,0.731025
29900,71,9,6,1,20,1,0.855
29900,72,5,1,0,86,1,0.000113
29900,72,6,1,0,85,0,0.000132
29900,72,6,0,0,84,0,0.000155
29900,72,5,0,0,83,3,0.000181
29900,72,5,1,0,82,3,0.000212
29900,72,5,2,0,81,3,0.000248
29900,72,5,3,0,80,1,0.00029
29900,72,5,3,0,79,1,0.000339
29900,72,6,3,0,78,1,0.000397
29900,72,7,3,0,77,1,0.000464
29900,72,8,3,0,76,3,0.000542
29900,72,8,4,0,75,0,0.000634
29900,72,7,4,0,74,1,0.000742
29900,72,8,4,0,73,1,0.000868
29900,72,9,4,0,72,1,0.001015
29900,72,10,4,0,71,3,0.001187
29900,72,11,4,0,70,0,0.001389
29900,72,10,4,0,69,3,0.001624
29900,72,10,5,0,68,1,0.0019
29900,72,10,6,0,67,2,0.002222
29900,72,10,5,0,66,1,0.002598
29900,72,11,5,0,65,3,0.003039
29900,72,11,6,0,64,3,0.003555
29900,72,11,7,0,63,1,0.004157
29900,72,12,7,0,62,0,0.004862
29900,72,11,7,0,61,1,0.005687
29900,72,11,8,0,60,1,0.006651
29900,72,12,8,0,59,3,0.007779
29900,72,12,9,0,58,3,0.009099
29900,72,12,10,1,57,2,0.010642
29900,72,12,9,1,56,1,0.012447
29900,72,13,9,1,55,2,0.014557
29900,72,13,8,1,54,0,0.017026
29900,72,12,8,1,53,0,0.019914
29900,72,11,8,1,52,1,0.023291
29900,72,11,7,1,51,3,0.027241
29900,72,11,8,1,50,3,0.031861
29900,72,10,8,1,49,3,0.037264
29900,72,9,8,1,43,1,0.043584
29900,72,9,7,1,42,3,0.050975
29900,72,9,8,1,36,2,0.05962
29900,72,9,7,1,35,0,0.069731
29900,72,9,6,1,34,2,0.081556
29900,72,9,6,1,33,2,0.095388
29900,72,9,6,1,32,2,0.111564
29900,72,9,6,1,31,0,0.130485
29900,72,8,6,1,30,2,0.152614
29900,72,8,6,1,29,2,0.178495
29900,72,9,6,1,28,0,0.208767
29900,72,9,6,1,27,2,0.244172
29900,72,9,6,1,26,2,0.285581
29900,72,9,6,1,25,3,0.334013
29900,72,9,7,1,24,2,0.390658
29900,72,9,6,1,23,2,0.45691
29900,72,9,6,1,22,0,0.534398
29900,72,8,6,1,21,1,0.625026
29900,72,9,6,1,20,1,0.731025
29900,72,10,6,1,19,0,0.855
29900,73,6,1,0,85,0,0.000113
29900,73,6,0,0,84,0,0.000132
29900,73,5,0,0,83,3,0.000155
29900,73,5,1,0,82,3,0.000181
29900,73,5,2,0,81,3,0.000212
29900,73,5,3,0,80,1,0.000248
29900,73,5,3,0,79,1,0.00029
29900,73,6,3,0,78,1,0.000339
29900,73,7,3,0,77,1,0.000397
29900,73,8,3,0,76,3,0.000464
29900,73,8,4,0,75,0,0.000542
29900,73,7,4,0,74,1,0.000634
29900,73,8,4,0,73,1,0.000742
29900,73,9,4,0,72,1,0.000868
29900,73,10,4,0,71,3,0.001015
29900,73,11,4,0,70,0,0.001187
29900,73,10,4,0,69,3,0.001389
29900,73,10,5,0,68,1,0.001624
29900,73,10,6,0,67,2,0.0019
29900,73,10,5,0,66,1,0.002222
29900,73,11,5,0,65,3,0.002598
29900,73,11,6,0,64,3,0.003039
29900,73,11,7,0,63,1,0.003555
29900,73,12,7,0,62,0,0.004157
29900,73,11,7,0,61,1,0.004862
29900,73,11,8,0,60,1,0.005687
29900,73,12,8,0,59,3,0.006651
29900,73,12,9,0,58,3,0.007779
29900,73,12,10,1,57,2,0.009099
29900,73,12,9,1,56,1,0.010642
29900,73,13,9,1,55,2,0.012447
29900,73,13,8,1,54,0,0.014557
29900,73,12,8,1,53,0,0.017026
29900,73,11,8,1,52,1,0.019914
29900,73,11,7,1,51,3,0.023291
29900,73,11,8,1,50,3,0.027241
29900,73,10,8,1,49,3,0.031861
29900,73,9,8,1,43,1,0.037264
29900,73,9,7,1,42,3,0.043584
29900,73,9,8,1,36,2,0.050975
29900,73,9,7,1,35,0,0.05962
29900,73,9,6,1,34,2,0.069731
29900,73,9,6,1,33,2,0.081556
29900,73,9,6,1,32,2,0.095388
29900,73,9,6,1,31,0,0.111564
29900,73,8,6,1,30,2,0.130485
29900,73,8,6,1,29,2,0.152614
29900,73,9,6,1,28,0,0.178495
29900,73,9,6,1,27,2,0.208767
29900,73,9,6,1,26,2,0.244172
29900,73,9,6,1,25,3,0.285581
29900,73,9,7,1,24,2,0.334013
29900,73,9,6,1,23,2,0.390658
29900,73,9,6,1,22,0,0.45691
29900,73,8,6,1,21,1,0.534398
29900,73,9,6,1,20,1,0.625026
29900,73,10,6,1,19,0,0.731025
29900,73,10,5,1,18,2,0.855
29900,74,6,0,0,84,0,0.000113
29900,74,5,0,0,83,3,0.000132
29900,74,5,1,0,82,3,0.000155
29900,74,5,2,0,81,3,0.000181
29900,74,5,3,0,80,1,0.000212
29900,74,5,3,0,79,1,0.000248
29900,74,6,3,0,78,1,0.00029
29900,74,7,3,0,77,1,0.000339
29900,74,8,3,0,76,3,0.000397
29900,74,8,4,0,75,0,0.000464
29900,74,7,4,0,74,1,0.000542
29900,74,8,4,0,73,1,0.000634
29900,74,9,4,0,72,1,0.000742
29900,74,10,4,0,71,3,0.000868
29900,74,11,4,0,70,0,0.001015
29900,74,10,4,0,69,3,0.001187
29900,74,10,5,0,68,1,0.001389
29900,74,10,6,0,67,2,0.001624
29900,74,10,5,0,66,1,0.0019
29900,74,11,5,0,65,3,0.002222
29900,74,11,6,0,64,3,0.002598
29900,74,11,7,0,63,1,0.003039
29900,74,12,7,0,62,0,0.003555
29900,74,11,7,0,61,1,0.004157
29900,74,11,8,0,60,1,0.004862
29900,74,12,8,0,59,3,0.005687
29900,74,12,9,0,58,3,0.006651
29900,74,12,10,1,57,2,0.007779
29900,74,12,9,1,56,1,0.009099
29900,74,13,9,1,55,2,0.010642
29900,74,13,8,1,54,0,0.012447
29900,74,12,8,1,53,0,0.014557
29900,74,11,8,1,52,1,0.017026
29900,74,11,7,1,51,3,0.019914
29900,74,11,8,1,50,3,0.023291
29900,74,10,8,1,49,3,0.027241
29900,74,9,8,1,43,1,0.031861
29900,74,9,7,1,42,3,0.037264
29900,74,9,8,1,36,2,0.043584
29900,74,9,7,1,35,0,0.050975
29900,74,9,6,1,34,2,0.05962
29900,74,9,6,1,33,2,0.069731
29900,74,9,6,1,32,2,0.081556
29900,74,9,6,1,31,0,0.095388
29900,74,8,6,1,30,2,0.111564
29900,74,8,6,1,29,2,0.130485
29900,74,9,6,1,28,0,0.152614
29900,74,9,6,1,27,2,0.178495
29900,74,9,6,1,26,2,0.208767
29900,74,9,6,1,25,3,0.244172
29900,74,9,7,1,24,2,0.285581
29900,74,9,6,1,23,2,0.334013
29900,74,9,6,1,22,0,0.390658
29900,74,8,6,1,21,1,0.45691
29900,74,9,6,1,20,1,0.534398
29900,74,10,6,1,19,0,0.625026
29900,74,10,5,1,18,2,0.731025
29900,74,10,4,1,17,1,0.855
29900,75,5,0,0,83,3,0.000113
29900,75,5,1,0,82,3,0.000132
29900,75,5,2,0,81,3,0.000155
29900,75,5,3,0,80,1,0.000181
29900,75,5,3,0,79,1,0.000212
29900,75,6,3,0,78,1,0.000248
29900,75,7,3,0,77,1,0.00029
29900,75,8,3,0,76,3,0.000339
29900,75,8,4,0,75,0,0.000397
29900,75,7,4,0,74,1,0.000464
29900,75,8,4,0,73,1,0.000542
29900,75,9,4,0,72,1,0.000634
29900,75,10,4,0,71,3,0.000742
29900,75,11,4,0,70,0,0.000868
29900,75,10,4,0,69,3,0.001015
29900,75,10,5,0,68,1,0.001187
29900,75,10,6,0,67,2,0.001389
29900,75,10,5,0,66,1,0.001624
29900,75,11,5,0,65,3,0.0019
29900,75,11,6,0,64,3,0.002222
29900,75,11,7,0,63,1,0.002598
29900,75,12,7,0,62,0,0.003039
29900,75,11,7,0,61,1,0.003555
29900,75,11,8,0,60,1,0.004157
29900,75,12,8,0,59,3,0.004862
29900,75,12,9,0,58,3,0.005687
29900,75,12,10,1,57,2,0.006651
29900,75,12,9,1,56,1,0.007779
29900,75,13,9,1,55,2,0.009099
29900,75,13,8,1,54,0,0.010642
29900,75,12,8,1,53,0,0.012447
29900,75,11,8,1,52,1,0.014557
29900,75,11,7,1,51,3,0.017026
29900,75,11,8,1,50,3,0.019914
29900,75,10,8,1,49,3,0.023291
29900,75,9,8,1,43,1,0.027241
29900,75,9,7,1,42,3,0.031861
29900,75,9,8,1,36,2,0.037264
29900,75,9,7,1,35,0,0.043584
29900,75,9,6,1,34,2,0.050975
29900,75,9,6,1,33,2,0.05962
29900,75,9,6,1,32,2,0.069731
29900,75,9,6,1,31,0,0.081556
29900,75,8,6,1,30,2,0.095388
29900,75,8,6,1,29,2,0.111564
29900,75,9,6,1,28,0,0.130485
29900,75,9,6,1,27,2,0.152614
29900,75,9,6,1,26,2,0.178495
29900,75,9,6,1,25,3,0.208767
29900,75,9,7,1,24,2,0.244172
29900,75,9,6,1,23,2,0.285581
29900,75,9,6,1,22,0,0.334013
29900,75,8,6,1,21,1,0.390658
29900,75,9,6,1,20,1,0.45691
29900,75,10,6,1,19,0,0.534398
29900,75,10,5,1,18,2,0.625026
29900,75,10,4,1,17,1,0.731025
29900,75,11,4,1,16,3,0.855
29900,76,5,1,0,82,3,0.000113
29900,76,5,2,0,81,3,0.000132
29900,76,5,3,0,80,1,0.000155
29900,76,5,3,0,79,1,0.000181
29900,76,6,3,0,78,1,0.000212
29900,76,7,3,0,77,1,0.000248
29900,76,8,3,0,76,3,0.00029
29900,76,8,4,0,75,0,0.000339
29900,76,7,4,0,74,1,0.000397
29900,76,8,4,0,73,1,0.000464
29900,76,9,4,0,72,1,0.000542
29900,76,10,4,0,71,3,0.000634
29900,76,11,4,0,70,0,0.000742
29900,76,10,4,0,69,3,0.000868
29900,76,10,5,0,68,1,0.001015
29900,76,10,6,0,67,2,0.001187
29900,76,10,5,0,66,1,0.001389
29900,76,11,5,0,65,3,0.001624
29900,76,11,6,0,64,3,0.0019
29900,76,11,7,0,63,1,0.002222
29900,76,12,7,0,62,0,0.002598
29900,76,11,7,0,61,1,0.003039
29900,76,11,8,0,60,1,0.003555
29900,76,12,8,0,59,3,0.004157
29900,76,12,9,0,58,3,0.004862
29900,76,12,10,1,57,2,0.005687
29900,76,12,9,1,56,1,0.006651
29900,76,13,9,1,55,2,0.007779
29900,76,13,8,1,54,0,0.009099
29900,76,12,8,1,53,0,0.010642
29900,76,11,8,1,52,1,0.012447
29900,76,11,7,1,51,3,0.014557
29900,76,11,8,1,50,3,0.017026
29900,76,10,8,1,49,3,0.019914
29900,76,9,8,1,43,1,0.023291
29900,76,9,7,1,42,3,0.027241
29900,76,9,8,1,36,2,0.031861
29900,76,9,7,1,35,0,0.037264
29900,76,9,6,1,34,2,0.043584
29900,76,9,6,1,33,2,0.050975
29900,76,9,6,1,32,2,0.05962
29900,76,9,6,1,31,0,0.069731
29900,76,8,6,1,30,2,0.081556
29900,76,8,6,1,29,2,0.095388
29900,76,9,6,1,28,0,0.111564
29900,76,9,6,1,27,2,0.130485
29900,76,9,6,1,26,2,0.152614
29900,76,9,6,1,25,3,0.178495
29900,76,9,7,1,24,2,0.208767
29900,76,9,6,1,23,2,0.244172
29900,76,9,6,1,22,0,0.285581
29900,76,8,6,1,21,1,0.334013
29900,76,9,6,1,20,1,0.390658
29900,76,10,6,1,19,0,0.45691
29900,76,10,5,1,18,2,0.534398
29900,76,10,4,1,17,1,0.625026
29900,76,11,4,1,16,3,0.731025
29900,76,12,4,1,15,0,0.855
29900,77,5,2,0,81,3,0.000113
29900,77,5,3,0,80,1,0.000132
29900,77,5,3,0,79,1,0.000155
29900,77,6,3,0,78,1,0.000181
29900,77,7,3,0,77,1,0.000212
29900,77,8,3,0,76,3,0.000248
29900,77,8,4,0,75,0,0.00029
29900,77,7,4,0,74,1,0.000339
29900,77,8,4,0,73,1,0.000397
29900,77,9,4,0,72,1,0.000464
29900,77,10,4,0,71,3,0.000542
29900,77,11,4,0,70,0,0.000634
29900,77,10,4,0,69,3,0.000742
29900,77,10,5,0,68,1,0.000868
29900,77,10,6,0,67,2,0.001015
29900,77,10,5,0,66,1,0.001187
29900,77,11,5,0,65,3,0.001389
29900,77,11,6,0,64,3,0.001624
29900,77,11,7,0,63,1,0.0019
29900,77,12,7,0,62,0,0.002222
29900,77,11,7,0,61,1,0.002598
29900,77,11,8,0,60,1,0.003039
29900,77,12,8,0,59,3,0.003555
29900,77,12,9,0,58,3,0.004157
29900,77,12,10,1,57,2,0.004862
29900,77,12,9,1,56,1,0.005687
29900,77,13,9,1,55,2,0.006651
29900,77,13,8,1,54,0,0.007779
29900,77,12,8,1,53,0,0.009099
29900,77,11,8,1,52,1,0.010642
29900,77,11,7,1,51,3,0.012447
29900,77,11,8,1,50,3,0.014557
29900,77,10,8,1,49,3,0.017026
29900,77,9,8,1,43,1,0.019914
29900,77,9,7,1,42,3,0.023291
29900,77,9,8,1,36,2,0.027241
29900,77,9,7,1,35,0,0.031861
29900,77,9,6,1,34,2,0.037264
29900,77,9,6,1,33,2,0.043584
29900,77,9,6,1,32,2,0.050975
29900,77,9,6,1,31,0,0.05962
29900,77,8,6,1,30,2,0.069731
29900,77,8,6,1,29,2,0.081556
29900,77,9,6,1,28,0,0.095388
29900,77,9,6,1,27,2,0.111564
29900,77,9,6,1,26,2,0.130485
29900,77,9,6,1,25,3,0.152614
29900,77,9,7,1,24,2,0.178495
29900,77,9,6,1,23,2,0.208767
29900,77,9,6,1,22,0,0.244172
29900,77,8,6,1,21,1,0.285581
29900,77,9,6,1,20,1,0.334013
29900,77,10,6,1,19,0,0.390658
29900,77,10,5,1,18,2,0.45691
29900,77,10,4,1,17,1,0.534398
29900,77,11,4,1,16,3,0.625026
29900,77,12,4,1,15,0,0.731025
29900,77,11,4,1,14,2,0.855
29900,78,5,3,0,80,1,0.000113
29900,78,5,3,0,79,1,0.000132
29900,78,6,3,0,78,1,0.000155
29900,78,7,3,0,77,1,0.000181
29900,78,8,3,0,76,3,0.000212
29900,78,8,4,0,75,0,0.000248
29900,78,7,4,0,74,1,0.00029
29900,78,8,4,0,73,1,0.000339
29900,78,9,4,0,72,1,0.000397
29900,78,10,4,0,71,3,0.000464
29900,78,11,4,0,70,0,0.000542
29900,78,10,4,0,69,3,0.000634
29900,78,10,5,0,68,1,0.000742
29900,78,10,6,0,67,2,0.000868
29900,78,10,5,0,66,1,0.001015
29900,78,11,5,0,65,3,0.001187
29900,78,11,6,0,64,3,0.001389
29900,78,11,7,0,63,1,0.001624
29900,78,12,7,0,62,0,0.0019
29900,78,11,7,0,61,1,0.002222
29900,78,11,8,0,60,1,0.002598
29900,78,12,8,0,59,3,0.003039
29900,78,12,9,0,58,3,0.003555
29900,78,12,10,1,57,2,0.004157
29900,78,12,9,1,56,1,0.004862
29900,78,13,9,1,55,2,0.005687
29900,78,13,8,1,54,0,0.006651
29900,78,12,8,1,53,0,0.007779
29900,78,11,8,1,52,1,0.009099
29900,78,11,7,1,51,3,0.010642
29900,78,11,8,1,50,3,0.012447
29900,78,10,8,1,49,3,0.014557
29900,78,9,8,1,43,1,0.017026
29900,78,9,7,1,42,3,0.019914
29900,78,9,8,1,36,2,0.023291
29900,78,9,7,1,35,0,0.027241
29900,78,9,6,1,34,2,0.031861
29900,78,9,6,1,33,2,0.037264
29900,78,9,6,1,32,2,0.043584
29900,78,9,6,1,31,0,0.050975
29900,78,8,6,1,30,2,0.05962
29900,78,8,6,1,29,2,0.069731
29900,78,9,6,1,28,0,0.081556
29900,78,9,6,1,27,2,0.095388
29900,78,9,6,1,26,2,0.111564
29900,78,9,6,1,25,3,0.130485
29900,78,9,7,1,24,2,0.152614
29900,78,9,6,1,23,2,0.178495
29900,78,9,6,1,22,0,0.208767
29900,78,8,6,1,21,1,0.244172
29900,78,9,6,1,20,1,0.285581
29900,78,10,6,1,19,0,0.334013
29900,78,10,5,1,18,2,0.390658
29900,78,10,4,1,17,1,0.45691
29900,78,11,4,1,16,3,0.534398
29900,78,12,4,1,15,0,0.625026
29900,78,11,4,1,14,2,0.731025
29900,78,11,3,1,13,3,0.855
29900,79,5,3,0,79,1,0.000113
29900,79,6,3,0,78,1,0.000132
29900,79,7,3,0,77,1,0.000155
29900,79,8,3,0,76,3,0.000181
29900,79,8,4,0,75,0,0.000212
29900,79,7,4,0,74,1,0.000248
29900,79,8,4,0,73,1,0.00029
29900,79,9,4,0,72,1,0.000339
29900,79,10,4,0,71,3,0.000397
29900,79,11,4,0,70,0,0.000464
29900,79,10,4,0,69,3,0.000542
29900,79,10,5,0,68,1,0.000634
29900,79,10,6,0,67,2,0.000742
29900,79,10,5,0,66,1,0.000868
29900,79,11,5,0,65,3,0.001015
29900,79,11,6,0,64,3,0.001187
29900,79,11,7,0,63,1,0.001389
29900,79,12,7,0,62,0,0.001624
29900,79,11,7,0,61,1,0.0019
29900,79,11,8,0,60,1,0.002222
29900,79,12,8,0,59,3,0.002598
29900,79,12,9,0,58,3,0.003039
29900,79,12,10,1,57,2,0.003555
29900,79,12,9,1,56,1,0.004157
29900,79,13,9,1,55,2,0.004862
29900,79,13,8,1,54,0,0.005687
29900,79,12,8,1,53,0,0.006651
29900,79,11,8,1,52,1,0.007779
29900,79,11,7,1,51,3,0.009099
29900,79,11,8,1,50,3,0.010642
29900,79,10,8,1,49,3,0.012447
29900,79,9,8,1,43,1,0.014557
29900,79,9,7,1,42,3,0.017026
29900,79,9,8,1,36,2,0.019914
29900,79,9,7,1,35,0,0.023291
29900,79,9,6,1,34,2,0.027241
29900,79,9,6,1,33,2,0.031861
29900,79,9,6,1,32,2,0.037264
29900,79,9,6,1,31,0,0.043584
29900,79,8,6,1,30,2,0.050975
29900,79,8,6,1,29,2,0.05962
29900,79,9,6,1,28,0,0.069731
29900,79,9,6,1,27,2,0.081556
29900,79,9,6,1,26,2,0.095388
29900,79,9,6,1,25,3,0.111564
29900,79,9,7,1,24,2,0.130485
29900,79,9,6,1,23,2,0.152614
29900,79,9,6,1,22,0,0.178495
29900,79,8,6,1,21,1,0.208767
29900,79,9,6,1,20,1,0.244172
29900,79,10,6,1,19,0,0.285581
29900,79,10,5,1,18,2,0.334013
29900,79,10,4,1,17,1,0.390658
29900,79,11,4,1,16,3,0.45691
29900,79,12,4,1,15,0,0.534398
29900,79,11,4,1,14,2,0.625026
29900,79,11,3,1,13,3,0.731025
29900,79,11,4,1,12,1,0.855
29900,80,6,3,0,78,1,0.000113
29900,80,7,3,0,77,1,0.000132
29900,80,8,3,0,76,3,0.000155
29900,80,8,4,0,75,0,0.000181
29900,80,7,4,0,74,1,0.000212
29900,80,8,4,0,73,1,0.000248
29900,80,9,4,0,72,1,0.00029
29900,80,10,4,0,71,3,0.000339
29900,80,11,4,0,70,0,0.000397
29900,80,10,4,0,69,3,0.000464
29900,80,10,5,0,68,1,0.000542
29900,80,10,6,0,67,2,0.000634
29900,80,10,5,0,66,1,0.000742
29900,80,11,5,0,65,3,0.000868
29900,80,11,6,0,64,3,0.001015
29900,80,11,7,0,63,1,0.001187
29900,80,12,7,0,62,0,0.001389
29900,80,11,7,0,61,1,0.001624
29900,80,11,8,0,60,1,0.0019
29900,80,12,8,0,59,3,0.002222
29900,80,12,9,0,58,3,0.002598
29900,80,12,10,1,57,2,0.003039
29900,80,12,9,1,56,1,0.003555
29900,80,13,9,1,55,2,0.004157
29900,80,13,8,1,54,0,0.004862
29900,80,12,8,1,53,0,0.005687
29900,80,11,8,1,52,1,0.006651
29900,80,11,7,1,51,3,0.007779
29900,80,11,8,1,50,3,0.009099
29900,80,10,8,1,49,3,0.010642
29900,80,9,8,1,43,1,0.012447
29900,80,9,7,1,42,3,0.014557
29900,80,9,8,1,36,2,0.017026
29900,80,9,7,1,35,0,0.019914
29900,80,9,6,1,34,2,0.023291
29900,80,9,6,1,33,2,0.027241
29900,80,9,6,1,32,2,0.031861
29900,80,9,6,1,31,0,0.037264
29900,80,8,6,1,30,2,0.043584
29900,80,8,6,1,29,2,0.050975
29900,80,9,6,1,28,0,0.05962
29900,80,9,6,1,27,2,0.069731
29900,80,9,6,1,26,2,0.081556
29900,80,9,6,1,25,3,0.095388
29900,80,9,7,1,24,2,0.111564
29900,80,9,6,1,23,2,0.130485
29900,80,9,6,1,22,0,0.152614
29900,80,8,6,1,21,1,0.178495
29900,80,9,6,1,20,1,0.208767
29900,80,10,6,1,19,0,0.244172
29900,80,10,5,1,18,2,0.285581
29900,80,10,4,1,17,1,0.334013
29900,80,11,4,1,16,3,0.390658
29900,80,12,4,1,15,0,0.45691
29900,80,11,4,1,14,2,0.534398
29900,80,11,3,1,13,3,0.625026
29900,80,11,4,1,12,1,0.731025
29900,80,11,3,1,11,1,0.855
29900,81,7,3,0,77,1,0.000113
29900,81,8,3,0,76,3,0.000132
29900,81,8,4,0,75,0,0.000155
29900,81,7,4,0,74,1,0.000181
29900,81,8,4,0,73,1,0.000212
29900,81,9,4,0,72,1,0.000248
29900,81,10,4,0,71,3,0.00029
29900,81,11,4,0,70,0,0.000339
29900,81,10,4,0,69,3,0.000397
29900,81,10,5,0,68,1,0.000464
29900,81,10,6,0,67,2,0.000542
29900,81,10,5,0,66,1,0.000634
29900,81,11,5,0,65,3,0.000742
29900,81,11,6,0,64,3,0.000868
29900,81,11,7,0,63,1,0.001015
29900,81,12,7,0,62,0,0.001187
29900,81,11,7,0,61,1,0.001389
29900,81,11,8,0,60,1,0.001624
29900,81,12,8,0,59,3,0.0019
29900,81,12,9,0,58,3,0.002222
29900,81,12,10,1,57,2,0.002598
29900,81,12,9,1,56,1,0.003039
29900,81,13,9,1,55,2,0.003555
29900,81,13,8,1,54,0,0.004157
29900,81,12,8,1,53,0,0.004862
29900,81,11,8,1,52,1,0.005687
29900,81,11,7,1,51,3,0.006651
29900,81,11,8,1,50,3,0.007779
29900,81,10,8,1,49,3,0.009099
29900,81,9,8,1,43,1,0.010642
29900,81,9,7,1,42,3,0.012447
29900,81,9,8,1,36,2,0.014557
29900,81,9,7,1,35,0,0.017026
29900,81,9,6,1,34,2,0.019914
29900,81,9,6,1,33,2,0.023291
29900,81,9,6,1,32,2,0.027241
29900,81,9,6,1,31,0,0.031861
29900,81,8,6,1,30,2,0.037264
29900,81,8,6,1,29,2,0.043584
29900,81,9,6,1,28,0,0.050975
29900,81,9,6,1,27,2,0.05962
29900,81,9,6,1,26,2,0.069731
29900,81,9,6,1,25,3,0.081556
29900,81,9,7,1,24,2,0.095388
29900,81,9,6,1,23,2,0.111564
29900,81,9,6,1,22,0,0.130485
29900,81,8,6,1,21,1,0.152614
29900,81,9,6,1,20,1,0.178495
29900,81,10,6,1,19,0,0.208767
29900,81,10,5,1,18,2,0.244172
29900,81,10,4,1,17,1,0.285581
29900,81,11,4,1,16,3,0.334013
29900,81,12,4,1,15,0,0.390658
29900,81,11,4,1,14,2,0.45691
29900,81,11,3,1,13,3,0.534398
29900,81,11,4,1,12,1,0.625026
29900,81,11,3,1,11,1,0.731025
29900,81,12,3,1,10,2,0.855
29900,82,8,3,0,76,3,0.000113
29900,82,8,4,0,75,0,0.000132
29900,82,7,4,0,74,1,0.000155
29900,82,8,4,0,73,1,0.000181
29900,82,9,4,0,72,1,0.000212
29900,82,10,4,0,71,3,0.000248
29900,82,11,4,0,70,0,0.00029
29900,82,10,4,0,69,3,0.000339
29900,82,10,5,0,68,1,0.000397
29900,82,10,6,0,67,2,0.000464
29900,82,10,5,0,66,1,0.000542
29900,82,11,5,0,65,3,0.000634
29900,82,11,6,0,64,3,0.000742
29900,82,11,7,0,63,1,0.000868
29900,82,12,7,0,62,0,0.001015
29900,82,11,7,0,61,1,0.001187
29900,82,11,8,0,60,1,0.001389
29900,82,12,8,0,59,3,0.001624
29900,82,12,9,0,58,3,0.0019
29900,82,12,10,1,57,2,0.002222
29900,82,12,9,1,56,1,0.002598
29900,82,13,9,1,55,2,0.003039
29900,82,13,8,1,54,0,0.003555
29900,82,12,8,1,53,0,0.004157
29900,82,11,8,1,52,1,0.004862
29900,82,11,7,1,51,3,0.005687
29900,82,11,8,1,50,3,0.006651
29900,82,10,8,1,49,3,0.007779
29900,82,9,8,1,43,1,0.009099
29900,82,9,7,1,42,3,0.010642
29900,82,9,8,1,36,2,0.012447
29900,82,9,7,1,35,0,0.014557
29900,82,9,6,1,34,2,0.017026
29900,82,9,6,1,33,2,0.019914
29900,82,9,6,1,32,2,0.023291
29900,82,9,6,1,31,0,0.027241
29900,82,8,6,1,30,2,0.031861
29900,82,8,6,1,29,2,0.037264
29900,82,9,6,1,28,0,0.043584
29900,82,9,6,1,27,2,0.050975
29900,82,9,6,1,26,2,0.05962
29900,82,9,6,1,25,3,0.069731
29900,82,9,7,1,24,2,0.081556
29900,82,9,6,1,23,2,0.095388
29900,82,9,6,1,22,0,0.111564
29900,82,8,6,1,21,1,0.130485
29900,82,9,6,1,20,1,0.152614
29900,82,10,6,1,19,0,0.178495
29900,82,10,5,1,18,2,0.208767
29900,82,10,4,1,17,1,0.244172
29900,82,11,4,1,16,3,0.285581
29900,82,12,4,1,15,0,0.334013
29900,82,11,4,1,14,2,0.390658
29900,82,11,3,1,13,3,0.45691
29900,82,11,4,1,12,1,0.534398
29900,82,11,3,1,11,1,0.625026
29900,82,12,3,1,10,2,0.731025
29900,82,12,2,1,9,3,0.855
29900,83,8,4,0,75,0,0.000113
29900,83,7,4,0,74,1,0.000132
29900,83,8,4,0,73,1,0.000155
29900,83,9,4,0,72,1,0.000181
29900,83,10,4,0,71,3,0.000212
29900,83,11,4,0,70,0,0.000248
29900,83,10,4,0,69,3,0.00029
29900,83,10,5,0,68,1,0.000339
29900,83,10,6,0,67,2,0.000397
29900,83,10,5,0,66,1,0.000464
29900,83,11,5,0,65,3,0.000542
29900,83,11,6,0,64,3,0.000634
29900,83,11,7,0,63,1,0.000742
29900,83,12,7,0,62,0,0.000868
29900,83,11,7,0,61,1,0.001015
29900,83,11,8,0,60,1,0.001187
29900,83,12,8,0,59,3,0.001389
29900,83,12,9,0,58,3,0.001624
29900,83,12,10,1,57,2,0.0019
29900,83,12,9,1,56,1,0.002222
29900,83,13,9,1,55,2,0.002598
29900,83,13,8,1,54,0,0.003039
29900,83,12,8,1,53,0,0.003555
29900,83,11,8,1,52,1,0.004157
29900,83,11,7,1,51,3,0.004862
29900,83,11,8,1,50,3,0.005687
29900,83,10,8,1,49,3,0.006651
29900,83,9,8,1,43,1,0.007779
29900,83,9,7,1,42,3,0.009099
29900,83,9,8,1,36,2,0.010642
29900,83,9,7,1,35,0,0.012447
29900,83,9,6,1,34,2,0.014557
29900,83,9,6,1,33,2,0.017026
29900,83,9,6,1,32,2,0.019914
29900,83,9,6,1,31,0,0.023291
29900,83,8,6,1,30,2,0.027241
29900,83,8,6,1,29,2,0.031861
29900,83,9,6,1,28,0,0.037264
29900,83,9,6,1,27,2,0.043584
29900,83,9,6,1,26,2,0.050975
29900,83,9,6,1,25,3,0.05962
29900,83,9,7,1,24,2,0.069731
29900,83,9,6,1,23,2,0.081556
29900,83,9,6,1,22,0,0.095388
29900,83,8,6,1,21,1,0.111564
29900,83,9,6,1,20,1,0.130485
29900,83,10,6,1,19,0,0.152614
29900,83,10,5,1,18,2,0.178495
29900,83,10,4,1,17,1,0.208767
29900,83,11,4,1,16,3,0.244172
29900,83,12,4,1,15,0,0.285581
29900,83,11,4,1,14,2,0.334013
29900,83,11,3,1,13,3,0.390658
29900,83,11,4,1,12,1,0.45691
29900,83,11,3,1,11,1,0.534398
29900,83,12,3,1,10,2,0.625026
29900,83,12,2,1,9,3,0.731025
29900,83,12,3,1,8,0,0.855
29900,84,7,4,0,74,1,0.000113
29900,84,8,4,0,73,1,0.000132
29900,84,9,4,0,72,1,0.000155
29900,84,10,4,0,71,3,0.000181
29900,84,11,4,0,70,0,0.000212
29900,84,10,4,0,69,3,0.000248
29900,84,10,5,0,68,1,0.00029
29900,84,10,6,0,67,2,0.000339
29900,84,10,5,0,66,1,0.000397
29900,84,11,5,0,65,3,0.000464
29900,84,11,6,0,64,3,0.000542
29900,84,11,7,0,63,1,0.000634
29900,84,12,7,0,62,0,0.000742
29900,84,11,7,0,61,1,0.000868
29900,84,11,8,0,60,1,0.001015
29900,84,12,8,0,59,3,0.001187
29900,84,12,9,0,58,3,0.001389
29900,84,12,10,1,57,2,0.001624
29900,84,12,9,1,56,1,0.0019
29900,84,13,9,1,55,2,0.002222
29900,84,13,8,1,54,0,0.002598
29900,84,12,8,1,53,0,0.003039
29900,84,11,8,1,52,1,0.003555
29900,84,11,7,1,51,3,0.004157
29900,84,11,8,1,50,3,0.004862
29900,84,10,8,1,49,3,0.005687
29900,84,9,8,1,43,1,0.006651
29900,84,9,7,1,42,3,0.007779
29900,84,9,8,1,36,2,0.009099
29900,84,9,7,1,35,0,0.010642
29900,84,9,6,1,34,2,0.012447
29900,84,9,6,1,33,2,0.014557
29900,84,9,6,1,32,2,0.017026
29900,84,9,6,1,31,0,0.019914
29900,84,8,6,1,30,2,0.023291
29900,84,8,6,1,29,2,0.027241
29900,84,9,6,1,28,0,0.031861
29900,84,9,6,1,27,2,0.037264
29900,84,9,6,1,26,2,0.043584
29900,84,9,6,1,25,3,0.050975
29900,84,9,7,1,24,2,0.05962
29900,84,9,6,1,23,2,0.069731
29900,84,9,6,1,22,0,0.081556
29900,84,8,6,1,21,1,0.095388
29900,84,9,6,1,20,1,0.111564
29900,84,10,6,1,19,0,0.130485
29900,84,10,5,1,18,2,0.152614
29900,84,10,4,1,17,1,0.178495
29900,84,11,4,1,16,3,0.208767
29900,84,12,4,1,15,0,0.244172
29900,84,11,4,1,14,2,0.285581
29900,84,11,3,1,13,3,0.334013
29900,84,11,4,1,12,1,0.390658
29900,84,11,3,1,11,1,0.45691
29900,84,12,3,1,10,2,0.534398
29900,84,12,2,1,9,3,0.625026
29900,84,12,3,1,8,0,0.731025
29900,84,11,3,1,7,0,0.855
29900,85,8,4,0,73,1,0.000113
29900,85,9,4,0,72,1,0.000132
29900,85,10,4,0,71,3,0.000155
29900,85,11,4,0,70,0,0.000181
29900,85,10,4,0,69,3,0.000212
29900,85,10,5,0,68,1,0.000248
29900,85,10,6,0,67,2,0.00029
29900,85,10,5,0,66,1,0.000339
29900,85,11,5,0,65,3,0.000397
29900,85,11,6,0,64,3,0.000464
29900,85,11,7,0,63,1,0.000542
29900,85,12,7,0,62,0,0.000634
29900,85,11,7,0,61,1,0.000742
29900,85,11,8,0,60,1,0.000868
29900,85,12,8,0,59,3,0.001015
29900,85,12,9,0,58,3,0.001187
29900,85,12,10,1,57,2,0.001389
29900,85,12,9,1,56,1,0.001624
29900,85,13,9,1,55,2,0.0019
29900,85,13,8,1,54,0,0.002222
29900,85,12,8,1,53,0,0.002598
29900,85,11,8,1,52,1,0.003039
29900,85,11,7,1,51,3,0.003555
29900,85,11,8,1,50,3,0.004157
29900,85,10,8,1,49,3,0.004862
29900,85,9,8,1,43,1,0.005687
29900,85,9,7,1,42,3,0.006651
29900,85,9,8,1,36,2,0.007779
29900,85,9,7,1,35,0,0.009099
29900,85,9,6,1,34,2,0.010642
29900,85,9,6,1,33,2,0.012447
29900,85,9,6,1,32,2,0.014557
29900,85,9,6,1,31,0,0.017026
29900,85,8,6,1,30,2,0.019914
29900,85,8,6,1,29,2,0.023291
29900,85,9,6,1,28,0,0.027241
29900,85,9,6,1,27,2,0.031861
29900,85,9,6,1,26,2,0.037264
29900,85,9,6,1,25,3,0.043584
29900,85,9,7,1,24,2,0.050975
29900,85,9,6,1,23,2,0.05962
29900,85,9,6,1,22,0,0.069731
29900,85,8,6,1,21,1,0.081556
29900,85,9,6,1,20,1,0.095388
29900,85,10,6,1,19,0,0.111564
29900,85,10,5,1,18,2,0.130485
29900,85,10,4,1,17,1,0.152614
29900,85,11,4,1,16,3,0.178495
29900,85,12,4,1,15,0,0.208767
29900,85,11,4,1,14,2,0.244172
29900,85,11,3,1,13,3,0.285581
29900,85,11,4,1,12,1,0.334013
29900,85,11,3,1,11,1,0.390658
29900,85,12,3,1,10,2,0.45691
29900,85,12,2,1,9,3,0.534398
29900,85,12,3,1,8,0,0.625026
29900,85,11,3,1,7,0,0.731025
29900,85,10,3,1,6,3,0.855
29900,86,9,4,0,72,1,0.000113
29900,86,10,4,0,71,3,0.000132
29900,86,11,4,0,70,0,0.000155
29900,86,10,4,0,69,3,0.000181
29900,86,10,5,0,68,1,0.000212
29900,86,10,6,0,67,2,0.000248
29900,86,10,5,0,66,1,0.00029
29900,86,11,5,0,65,3,0.000339
29900,86,11,6,0,64,3,0.000397
29900,86,11,7,0,63,1,0.000464
29900,86,12,7,0,62,0,0.000542
29900,86,11,7,0,61,1,0.000634
29900,86,11,8,0,60,1,0.000742
29900,86,12,8,0,59,3,0.000868
29900,86,12,9,0,58,3,0.001015
29900,86,12,10,1,57,2,0.001187
29900,86,12,9,1,56,1,0.001389
29900,86,13,9,1,55,2,0.001624
29900,86,13,8,1,54,0,0.0019
29900,86,12,8,1,53,0,0.002222
29900,86,11,8,1,52,1,0.002598
29900,86,11,7,1,51,3,0.003039
29900,86,11,8,1,50,3,0.003555
29900,86,10,8,1,49,3,0.004157
29900,86,9,8,1,43,1,0.004862
29900,86,9,7,1,42,3,0.005687
29900,86,9,8,1,36,2,0.006651
29900,86,9,7,1,35,0,0.007779
29900,86,9,6,1,34,2,0.009099
29900,86,9,6,1,33,2,0.010642
29900,86,9,6,1,32,2,0.012447
29900,86,9,6,1,31,0,0.014557
29900,86,8,6,1,30,2,0.017026
29900,86,8,6,1,29,2,0.019914
29900,86,9,6,1,28,0,0.023291
29900,86,9,6,1,27,2,0.027241
29900,86,9,6,1,26,2,0.031861
29900,86,9,6,1,25,3,0.037264
29900,86,9,7,1,24,2,0.043584
29900,86,9,6,1,23,2,0.050975
29900,86,9,6,1,22,0,0.05962
29900,86,8,6,1,21,1,0.069731
29900,86,9,6,1,20,1,0.081556
29900,86,10,6,1,19,0,0.095388
29900,86,10,5,1,18,2,0.111564
29900,86,10,4,1,17,1,0.130485
29900,86,11,4,1,16,3,0.152614
29900,86,12,4,1,15,0,0.178495
29900,86,11,4,1,14,2,0.208767
29900,86,11,3,1,13,3,0.244172
29900,86,11,4,1,12,1,0.285581
29900,86,11,3,1,11,1,0.334013
29900,86,12,3,1,10,2,0.390658
29900,86,12,2,1,9,3,0.45691
29900,86,12,3,1,8,0,0.534398
29900,86,11,3,1,7,0,0.625026
29900,86,10,3,1,6,3,0.731025
29900,86,10,4,1,5,0,0.855
29900,87,10,4,0,71,3,0.000113
29900,87,11,4,0,70,0,0.000132
29900,87,10,4,0,69,3,0.000155
29900,87,10,5,0,68,1,0.000181
29900,87,10,6,0,67,2,0.000212
29900,87,10,5,0,66,1,0.000248
29900,87,11,5,0,65,3,0.00029
29900,87,11,6,0,64,3,0.000339
29900,87,11,7,0,63,1,0.000397
29900,87,12,7,0,62,0,0.000464
29900,87,11,7,0,61,1,0.000542
29900,87,11,8,0,60,1,0.000634
29900,87,12,8,0,59,3,0.000742
29900,87,12,9,0,58,3,0.000868
29900,87,12,10,1,57,2,0.001015
29900,87,12,9,1,56,1,0.001187
29900,87,13,9,1,55,2,0.001389
29900,87,13,8,1,54,0,0.001624
29900,87,12,8,1,53,0,0.0019
29900,87,11,8,1,52,1,0.002222
29900,87,11,7,1,51,3,0.002598
29900,87,11,8,1,50,3,0.003039
29900,87,10,8,1,49,3,0.003555
29900,87,9,8,1,43,1,0.004157
29900,87,9,7,1,42,3,0.004862
29900,87,9,8,1,36,2,0.005687
29900,87,9,7,1,35,0,0.006651
29900,87,9,6,1,34,2,0.007779
29900,87,9,6,1,33,2,0.009099
29900,87,9,6,1,32,2,0.010642
29900,87,9,6,1,31,0,0.012447
29900,87,8,6,1,30,2,0.014557
29900,87,8,6,1,29,2,0.017026
29900,87,9,6,1,28,0,0.019914
29900,87,9,6,1,27,2,0.023291
29900,87,9,6,1,26,2,0.027241
29900,87,9,6,1,25,3,0.031861
29900,87,9,7,1,24,2,0.037264
29900,87,9,6,1,23,2,0.043584
29900,87,9,6,1,22,0,0.050975
29900,87,8,6,1,21,1,0.05962
29900,87,9,6,1,20,1,0.069731
29900,87,10,6,1,19,0,0.081556
29900,87,10,5,1,18,2,0.095388
29900,87,10,4,1,17,1,0.111564
29900,87,11,4,1,16,3,0.130485
29900,87,12,4,1,15,0,0.152614
29900,87,11,4,1,14,2,0.178495
29900,87,11,3,1,13,3,0.208767
29900,87,11,4,1,12,1,0.244172
29900,87,11,3,1,11,1,0.285581
29900,87,12,3,1,10,2,0.334013
29900,87,12,2,1,9,3,0.390658
29900,87,12,3,1,8,0,0.45691
29900,87,11,3,1,7,0,0.534398
29900,87,10,3,1,6,3,0.625026
29900,87,10,4,1,5,0,0.731025
29900,87,9,4,1,4,1,0.855
29900,88,11,4,0,70,0,0.000113
29900,88,10,4,0,69,3,0.000132
29900,88,10,5,0,68,1,0.000155
29900,88,10,6,0,67,2,0.000181
29900,88,10,5,0,66,1,0.000212
29900,88,11,5,0,65,3,0.000248
29900,88,11,6,0,64,3,0.00029
29900,88,11,7,0,63,1,0.000339
29900,88,12,7,0,62,0,0.000397
29900,88,11,7,0,61,1,0.000464
29900,88,11,8,0,60,1,0.000542
29900,88,12,8,0,59,3,0.000634
29900,88,12,9,0,58,3,0.000742
29900,88,12,10,1,57,2,0.000868
29900,88,12,9,1,56,1,0.001015
29900,88,13,9,1,55,2,0.001187
29900,88,13,8,1,54,0,0.001389
29900,88,12,8,1,53,0,0.001624
29900,88,11,8,1,52,1,0.0019
29900,88,11,7,1,51,3,0.002222
29900,88,11,8,1,50,3,0.002598
29900,88,10,8,1,49,3,0.003039
29900,88,9,8,1,43,1,0.003555
29900,88,9,7,1,42,3,0.004157
29900,88,9,8,1,36,2,0.004862
29900,88,9,7,1,35,0,0.005687
29900,88,9,6,1,34,2,0.006651
29900,88,9,6,1,33,2,0.007779
29900,88,9,6,1,32,2,0.009099
29900,88,9,6,1,31,0,0.010642
29900,88,8,6,1,30,2,0.012447
29900,88,8,6,1,29,2,0.014557
29900,88,9,6,1,28,0,0.017026
29900,88,9,6,1,27,2,0.019914
29900,88,9,6,1,26,2,0.023291
29900,88,9,6,1,25,3,0.027241
29900,88,9,7,1,24,2,0.031861
29900,88,9,6,1,23,2,0.037264
29900,88,9,6,1,22,0,0.043584
29900,88,8,6,1,21,1,0.050975
29900,88,9,6,1,20,1,0.05962
29900,88,10,6,1,19,0,0.069731
29900,88,10,5,1,18,2,0.081556
29900,88,10,4,1,17,1,0.095388
29900,88,11,4,1,16,3,0.111564
29900,88,12,4,1,15,0,0.130485
29900,88,11,4,1,14,2,0.152614
29900,88,11,3,1,13,3,0.178495
29900,88,11,4,1,12,1,0.208767
29900,88,11,3,1,11,1,0.244172
29900,88,12,3,1,10,2,0.285581
29900,88,12,2,1,9,3,0.334013
29900,88,12,3,1,8,0,0.390658
29900,88,11,3,1,7,0,0.45691
29900,88,10,3,1,6,3,0.534398
29900,88,10,4,1,5,0,0.625026
29900,88,9,4,1,4,1,0.731025
29900,88,10,4,1,3,1,0.855
29900,89,10,4,0,69,3,0.000113
29900,89,10,5,0,68,1,0.000132
29900,89,10,6,0,67,2,0.000155
29900,89,10,5,0,66,1,0.000181
29900,89,11,5,0,65,3,0.000212
29900,89,11,6,0,64,3,0.000248
29900,89,11,7,0,63,1,0.00029
29900,89,12,7,0,62,0,0.000339
29900,89,11,7,0,61,1,0.000397
29900,89,11,8,0,60,1,0.000464
29900,89,12,8,0,59,3,0.000542
29900,89,12,9,0,58,3,0.000634
29900,89,12,10,1,57,2,0.000742
29900,89,12,9,1,56,1,0.000868
29900,89,13,9,1,55,2,0.001015
29900,89,13,8,1,54,0,0.001187
29900,89,12,8,1,53,0,0.001389
29900,89,11,8,1,52,1,0.001624
29900,89,11,7,1,51,3,0.0019
29900,89,11,8,1,50,3,0.002222
29900,89,10,8,1,49,3,0.002598
29900,89,9,8,1,43,1,0.003039
29900,89,9,7,1,42,3,0.003555
29900,89,9,8,1,36,2,0.004157
29900,89,9,7,1,35,0,0.004862
29900,89,9,6,1,34,2,0.005687
29900,89,9,6,1,33,2,0.006651
29900,89,9,6,1,32,2,0.007779
29900,89,9,6,1,31,0,0.009099
29900,89,8,6,1,30,2,0.010642
29900,89,8,6,1,29,2,0.012447
29900,89,9,6,1,28,0,0.014557
29900,89,9,6,1,27,2,0.017026
29900,89,9,6,1,26,2,0.019914
29900,89,9,6,1,25,3,0.023291
29900,89,9,7,1,24,2,0.027241
29900,89,9,6,1,23,2,0.031861
29900,89,9,6,1,22,0,0.037264
29900,89,8,6,1,21,1,0.043584
29900,89,9,6,1,20,1,0.050975
29900,89,10,6,1,19,0,0.05962
29900,89,10,5,1,18,2,0.069731
29900,89,10,4,1,17,1,0.081556
29900,89,11,4,1,16,3,0.095388
29900,89,12,4,1,15,0,0.111564
29900,89,11,4,1,14,2,0.130485
29900,89,11,3,1,13,3,0.152614
29900,89,11,4,1,12,1,0.178495
29900,89,11,3,1,11,1,0.208767
29900,89,12,3,1,10,2,0.244172
29900,89,12,2,1,9,3,0.285581
29900,89,12,3,1,8,0,0.334013
29900,89,11,3,1,7,0,0.390658
29900,89,10,3,1,6,3,0.45691
29900,89,10,4,1,5,0,0.534398
29900,89,9,4,1,4,1,0.625026
29900,89,10,4,1,3,1,0.731025
29900,89,11,4,1,2,1,0.855
29900,90,10,5,0,68,1,0.000113
29900,90,10,6,0,67,2,0.000132
29900,90,10,5,0,66,1,0.000155
29900,90,11,5,0,65,3,0.000181
29900,90,11,6,0,64,3,0.000212
29900,90,11,7,0,63,1,0.000248
29900,90,12,7,0,62,0,0.00029
29900,90,11,7,0,61,1,0.000339
29900,90,11,8,0,60,1,0.000397
29900,90,12,8,0,59,3,0.000464
29900,90,12,9,0,58,3,0.000542
29900,90,12,10,1,57,2,0.000634
29900,90,12,9,1,56,1,0.000742
29900,90,13,9,1,55,2,0.000868
29900,90,13,8,1,54,0,0.001015
29900,90,12,8,1,53,0,0.001187
29900,90,11,8,1,52,1,0.001389
29900,90,11,7,1,51,3,0.001624
29900,90,11,8,1,50,3,0.0019
29900,90,10,8,1,49,3,0.002222
29900,90,9,8,1,43,1,0.002598
29900,90,9,7,1,42,3,0.003039
29900,90,9,8,1,36,2,0.003555
29900,90,9,7,1,35,0,0.004157
29900,90,9,6,1,34,2,0.004862
29900,90,9,6,1,33,2,0.005687
29900,90,9,6,1,32,2,0.006651
29900,90,9,6,1,31,0,0.007779
29900,90,8,6,1,30,2,0.009099
29900,90,8,6,1,29,2,0.010642
29900,90,9,6,1,28,0,0.012447
29900,90,9,6,1,27,2,0.014557
29900,90,9,6,1,26,2,0.017026
29900,90,9,6,1,25,3,0.019914
29900,90,9,7,1,24,2,0.023291
29900,90,9,6,1,23,2,0.027241
29900,90,9,6,1,22,0,0.031861
29900,90,8,6,1,21,1,0.037264
29900,90,9,6,1,20,1,0.043584
29900,90,10,6,1,19,0,0.050975
29900,90,10,5,1,18,2,0.05962
29900,90,10,4,1,17,1,0.069731
29900,90,11,4,1,16,3,0.081556
29900,90,12,4,1,15,0,0.095388
29900,90,11,4,1,14,2,0.111564
29900,90,11,3,1,13,3,0.130485
29900,90,11,4,1,12,1,0.152614
29900,90,11,3,1,11,1,0.178495
29900,90,12,3,1,10,2,0.208767
29900,90,12,2,1,9,3,0.244172
29900,90,12,3,1,8,0,0.285581
29900,90,11,3,1,7,0,0.334013
29900,90,10,3,1,6,3,0.390658
29900,90,10,4,1,5,0,0.45691
29900,90,9,4,1,4,1,0.534398
29900,90,10,4,1,3,1,0.625026
29900,90,11,4,1,2,1,0.731025
29900,90,11,5,1,1,0,0.855
